/*
 Navicat Premium Data Transfer

 Source Server         : my
 Source Server Type    : MySQL
 Source Server Version : 80018
 Source Host           : rm-bp109vlm62wl34535io.mysql.rds.aliyuncs.com:3306
 Source Schema         : initsrc

 Target Server Type    : MySQL
 Target Server Version : 80018
 File Encoding         : 65001

 Date: 04/06/2021 00:14:33
*/

SET NAMES utf8mb4;
SET FOREIGN_KEY_CHECKS = 0;

-- ----------------------------
-- Table structure for is_dev_column
-- ----------------------------
DROP TABLE IF EXISTS `is_dev_column`;
CREATE TABLE `is_dev_column`  (
  `column_id` bigint(20) NOT NULL COMMENT '数据库表列主键',
  `table_id` bigint(20) NULL DEFAULT NULL COMMENT '数据库表ID',
  `column_name` varchar(150) CHARACTER SET utf8mb4 COLLATE utf8mb4_0900_ai_ci NOT NULL COMMENT '列名称',
  `column_comment` varchar(150) CHARACTER SET utf8mb4 COLLATE utf8mb4_0900_ai_ci NOT NULL COMMENT '列描述',
  `column_type` varchar(32) CHARACTER SET utf8mb4 COLLATE utf8mb4_0900_ai_ci NOT NULL COMMENT '列类型',
  `column_type_name` varchar(32) CHARACTER SET utf8mb4 COLLATE utf8mb4_0900_ai_ci NOT NULL COMMENT '列类型',
  `java_type` varchar(32) CHARACTER SET utf8mb4 COLLATE utf8mb4_0900_ai_ci NOT NULL COMMENT 'JAVA类型',
  `java_field` varchar(32) CHARACTER SET utf8mb4 COLLATE utf8mb4_0900_ai_ci NOT NULL COMMENT 'JAVA字段名',
  `is_key` tinyint(4) NULL DEFAULT 0 COMMENT '是否主键字段 （0：否 1：是）',
  `is_increment` tinyint(4) NULL DEFAULT 0 COMMENT '是否自增长（0：否 1：是）',
  `is_list` tinyint(4) NULL DEFAULT 1 COMMENT '是否列表字段（0：否 1：是）',
  `is_insert` tinyint(4) NULL DEFAULT 1 COMMENT '是否插入字段（0：否 1：是）',
  `is_edit` tinyint(4) NULL DEFAULT 1 COMMENT '是否编辑字段（0：否 1：是）',
  `is_required` tinyint(4) NULL DEFAULT 0 COMMENT '是否必填字段（0：否 1：是）',
  `is_detail` tinyint(4) NULL DEFAULT 1 COMMENT '是否详情字段（0：否 1：是）',
  `is_query` tinyint(4) NULL DEFAULT 0 COMMENT '是否查询字段（0：否 1：是）',
  `query_type` varchar(40) CHARACTER SET utf8mb4 COLLATE utf8mb4_0900_ai_ci NULL DEFAULT '1' COMMENT '查询方式（1：=、2：！=、3：>、4：>=、5:<、6：<=、7：LIKE模糊、8：BETWEEN范围）',
  `is_only` tinyint(4) NULL DEFAULT 0 COMMENT '是否唯一字段（0：否 1：是）',
  `is_version` tinyint(4) NULL DEFAULT 0 COMMENT '是否幂等字段（0：否 1：是）',
  `is_fill_create` tinyint(4) NULL DEFAULT 0 COMMENT '是否插入填充字段（0：否 1：是）',
  `is_fill_update` tinyint(4) NULL DEFAULT 0 COMMENT '是否更新填充字段（0：否 1：是）',
  `is_table_logic` tinyint(4) NULL DEFAULT 0 COMMENT '是否逻辑删除字段（0：否 1：是）',
  `html_type` varchar(40) CHARACTER SET utf8mb4 COLLATE utf8mb4_0900_ai_ci NULL DEFAULT NULL COMMENT '显示类型 (1:文本框 2：文本域 3：数字文本框 4：浮点型文本框 5：富文本框 6：日期选择器 7：图片选择器 8：文件选择器 9：选择器 10：远程选择器 11：树形选择器 12：复选框 13：单选框 )',
  `is_search` tinyint(4) NULL DEFAULT 0 COMMENT '查询方式（0：字典 1：数据库表）',
  `dict_type` varchar(40) CHARACTER SET utf8mb4 COLLATE utf8mb4_0900_ai_ci NULL DEFAULT NULL COMMENT '字典类型key',
  `verify_name` varchar(40) CHARACTER SET utf8mb4 COLLATE utf8mb4_0900_ai_ci NULL DEFAULT NULL COMMENT '正则方法名',
  `left_table` varchar(40) CHARACTER SET utf8mb4 COLLATE utf8mb4_0900_ai_ci NULL DEFAULT NULL COMMENT '关联表名',
  `left_key` varchar(40) CHARACTER SET utf8mb4 COLLATE utf8mb4_0900_ai_ci NULL DEFAULT NULL COMMENT '关联表主键',
  `left_parent` varchar(40) CHARACTER SET utf8mb4 COLLATE utf8mb4_0900_ai_ci NULL DEFAULT NULL COMMENT '关联表父类',
  `left_label` varchar(40) CHARACTER SET utf8mb4 COLLATE utf8mb4_0900_ai_ci NULL DEFAULT NULL COMMENT '关联表显示名称',
  `left_alias` varchar(40) CHARACTER SET utf8mb4 COLLATE utf8mb4_0900_ai_ci NULL DEFAULT NULL COMMENT '关联表显示别名',
  `sort` int(20) NULL DEFAULT NULL COMMENT '排序',
  `dr` tinyint(4) NULL DEFAULT 1 COMMENT '删除标识 （0：删除 1：正常）',
  `version` int(20) NULL DEFAULT 0 COMMENT '幂等',
  `create_time` datetime(0) NULL DEFAULT NULL COMMENT '创建时间',
  `update_time` datetime(0) NULL DEFAULT NULL COMMENT '更新时间',
  `create_by` varchar(150) CHARACTER SET utf8mb4 COLLATE utf8mb4_general_ci NULL DEFAULT NULL COMMENT '创建人',
  `update_by` varchar(150) CHARACTER SET utf8mb4 COLLATE utf8mb4_general_ci NULL DEFAULT NULL COMMENT '更新人',
  PRIMARY KEY (`column_id`) USING BTREE
) ENGINE = InnoDB CHARACTER SET = utf8mb4 COLLATE = utf8mb4_0900_ai_ci COMMENT = '字段表' ROW_FORMAT = Dynamic;

-- ----------------------------
-- Records of is_dev_column
-- ----------------------------
INSERT INTO `is_dev_column` VALUES (1391393973632413697, 1391374315428728834, 'column_id', '数据库表列主键', 'bigint', 'bigint(20)', 'String', 'columnId', 1, 0, 1, 1, 1, 0, 1, 0, '1', 0, 0, 0, 0, 0, '1', 0, NULL, NULL, NULL, NULL, NULL, NULL, NULL, 1, 1, NULL, NULL, NULL, NULL, NULL);
INSERT INTO `is_dev_column` VALUES (1391393973632413698, 1391374315428728834, 'table_id', '数据库表ID', 'bigint', 'bigint(20)', 'String', 'tableId', 0, 0, 1, 1, 1, 0, 1, 1, '1', 0, 0, 0, 0, 0, '9', 1, NULL, NULL, 'is_dev_table', 'table_id', NULL, 'table_name', 'tableName', 2, 1, NULL, NULL, NULL, NULL, NULL);
INSERT INTO `is_dev_column` VALUES (1391393973632413699, 1391374315428728834, 'column_name', '列名称', 'varchar', 'varchar(150)', 'String', 'columnName', 0, 0, 1, 1, 1, 1, 1, 1, '7', 0, 0, 0, 0, 0, '1', 0, NULL, NULL, NULL, NULL, NULL, NULL, NULL, 3, 1, NULL, NULL, NULL, NULL, NULL);
INSERT INTO `is_dev_column` VALUES (1391393973632413700, 1391374315428728834, 'column_comment', '列描述', 'varchar', 'varchar(150)', 'String', 'columnComment', 0, 0, 1, 1, 1, 1, 1, 0, '1', 0, 0, 0, 0, 0, '1', 0, NULL, NULL, NULL, NULL, NULL, NULL, NULL, 4, 1, NULL, NULL, NULL, NULL, NULL);
INSERT INTO `is_dev_column` VALUES (1391393973632413701, 1391374315428728834, 'column_type', '列类型', 'varchar', 'varchar(32)', 'String', 'columnType', 0, 0, 1, 1, 1, 1, 1, 0, '1', 0, 0, 0, 0, 0, '1', 0, NULL, NULL, NULL, NULL, NULL, NULL, NULL, 5, 1, NULL, NULL, NULL, NULL, NULL);
INSERT INTO `is_dev_column` VALUES (1391393973678551041, 1391374315428728834, 'column_type_name', '列类型', 'varchar', 'varchar(32)', 'String', 'columnTypeName', 0, 0, 1, 1, 1, 1, 1, 0, '1', 0, 0, 0, 0, 0, '1', 0, NULL, NULL, NULL, NULL, NULL, NULL, NULL, 6, 1, NULL, NULL, NULL, NULL, NULL);
INSERT INTO `is_dev_column` VALUES (1391393973678551042, 1391374315428728834, 'java_type', 'JAVA类型', 'varchar', 'varchar(32)', 'String', 'javaType', 0, 0, 1, 1, 1, 1, 1, 0, '1', 0, 0, 0, 0, 0, '1', 0, NULL, NULL, NULL, NULL, NULL, NULL, NULL, 7, 1, NULL, NULL, NULL, NULL, NULL);
INSERT INTO `is_dev_column` VALUES (1391393973678551043, 1391374315428728834, 'java_field', 'JAVA字段名', 'varchar', 'varchar(32)', 'String', 'javaField', 0, 0, 1, 1, 1, 1, 1, 0, '1', 0, 0, 0, 0, 0, '1', 0, NULL, NULL, NULL, NULL, NULL, NULL, NULL, 8, 1, NULL, NULL, NULL, NULL, NULL);
INSERT INTO `is_dev_column` VALUES (1391393973678551044, 1391374315428728834, 'is_key', '是否主键字段 （0：否 1：是）', 'tinyint', 'tinyint(4)', 'String', 'isKey', 0, 0, 1, 1, 1, 0, 1, 0, '1', 0, 0, 0, 0, 0, '13', 0, NULL, NULL, NULL, NULL, NULL, NULL, NULL, 9, 1, NULL, NULL, NULL, NULL, NULL);
INSERT INTO `is_dev_column` VALUES (1391393973678551045, 1391374315428728834, 'is_increment', '是否自增长（0：否 1：是）', 'tinyint', 'tinyint(4)', 'String', 'isIncrement', 0, 0, 1, 1, 1, 0, 1, 0, '1', 0, 0, 0, 0, 0, '13', 0, NULL, NULL, NULL, NULL, NULL, NULL, NULL, 10, 1, NULL, NULL, NULL, NULL, NULL);
INSERT INTO `is_dev_column` VALUES (1391393973678551046, 1391374315428728834, 'is_list', '是否列表字段（0：否 1：是）', 'tinyint', 'tinyint(4)', 'String', 'isList', 0, 0, 1, 1, 1, 0, 1, 0, '1', 0, 0, 0, 0, 0, '13', 0, NULL, NULL, NULL, NULL, NULL, NULL, NULL, 11, 1, NULL, NULL, NULL, NULL, NULL);
INSERT INTO `is_dev_column` VALUES (1391393973678551047, 1391374315428728834, 'is_insert', '是否插入字段（0：否 1：是）', 'tinyint', 'tinyint(4)', 'String', 'isInsert', 0, 0, 1, 1, 1, 0, 1, 0, '1', 0, 0, 0, 0, 0, '13', 0, NULL, NULL, NULL, NULL, NULL, NULL, NULL, 12, 1, NULL, NULL, NULL, NULL, NULL);
INSERT INTO `is_dev_column` VALUES (1391393973678551048, 1391374315428728834, 'is_edit', '是否编辑字段（0：否 1：是）', 'tinyint', 'tinyint(4)', 'String', 'isEdit', 0, 0, 1, 1, 1, 0, 1, 0, '1', 0, 0, 0, 0, 0, '13', 0, NULL, NULL, NULL, NULL, NULL, NULL, NULL, 13, 1, NULL, NULL, NULL, NULL, NULL);
INSERT INTO `is_dev_column` VALUES (1391393973678551049, 1391374315428728834, 'is_required', '是否必填字段（0：否 1：是）', 'tinyint', 'tinyint(4)', 'String', 'isRequired', 0, 0, 1, 1, 1, 0, 1, 0, '1', 0, 0, 0, 0, 0, '13', 0, NULL, NULL, NULL, NULL, NULL, NULL, NULL, 14, 1, NULL, NULL, NULL, NULL, NULL);
INSERT INTO `is_dev_column` VALUES (1391393973678551050, 1391374315428728834, 'is_detail', '是否详情字段（0：否 1：是）', 'tinyint', 'tinyint(4)', 'String', 'isDetail', 0, 0, 1, 1, 1, 0, 1, 0, '1', 0, 0, 0, 0, 0, '13', 0, NULL, NULL, NULL, NULL, NULL, NULL, NULL, 15, 1, NULL, NULL, NULL, NULL, NULL);
INSERT INTO `is_dev_column` VALUES (1391393973678551051, 1391374315428728834, 'is_query', '是否查询字段（0：否 1：是）', 'tinyint', 'tinyint(4)', 'String', 'isQuery', 0, 0, 1, 1, 1, 0, 1, 0, '1', 0, 0, 0, 0, 0, '13', 0, NULL, NULL, NULL, NULL, NULL, NULL, NULL, 16, 1, NULL, NULL, NULL, NULL, NULL);
INSERT INTO `is_dev_column` VALUES (1391393973678551052, 1391374315428728834, 'query_type', '查询方式（1：=、2：！=、3：>、4：>=、5:<、6：<=、7：LIKE模糊、8：BETWEEN范围）', 'varchar', 'varchar(40)', 'String', 'queryType', 0, 0, 1, 1, 1, 0, 1, 0, '1', 0, 0, 0, 0, 0, '1', 0, NULL, NULL, NULL, NULL, NULL, NULL, NULL, 17, 1, NULL, NULL, NULL, NULL, NULL);
INSERT INTO `is_dev_column` VALUES (1391393973678551053, 1391374315428728834, 'is_only', '是否唯一字段（0：否 1：是）', 'tinyint', 'tinyint(4)', 'String', 'isOnly', 0, 0, 1, 1, 1, 0, 1, 0, '1', 0, 0, 0, 0, 0, '13', 0, NULL, NULL, NULL, NULL, NULL, NULL, NULL, 18, 1, NULL, NULL, NULL, NULL, NULL);
INSERT INTO `is_dev_column` VALUES (1391393973678551054, 1391374315428728834, 'is_version', '是否幂等字段（0：否 1：是）', 'tinyint', 'tinyint(4)', 'String', 'isVersion', 0, 0, 1, 1, 1, 0, 1, 0, '1', 0, 0, 0, 0, 0, '13', 0, NULL, NULL, NULL, NULL, NULL, NULL, NULL, 19, 1, NULL, NULL, NULL, NULL, NULL);
INSERT INTO `is_dev_column` VALUES (1391393973678551055, 1391374315428728834, 'is_fill_create', '是否插入填充字段（0：否 1：是）', 'tinyint', 'tinyint(4)', 'String', 'isFillCreate', 0, 0, 1, 1, 1, 0, 1, 0, '1', 0, 0, 0, 0, 0, '13', 0, NULL, NULL, NULL, NULL, NULL, NULL, NULL, 20, 1, NULL, NULL, NULL, NULL, NULL);
INSERT INTO `is_dev_column` VALUES (1391393973678551056, 1391374315428728834, 'is_fill_update', '是否更新填充字段（0：否 1：是）', 'tinyint', 'tinyint(4)', 'String', 'isFillUpdate', 0, 0, 1, 1, 1, 0, 1, 0, '1', 0, 0, 0, 0, 0, '13', 0, NULL, NULL, NULL, NULL, NULL, NULL, NULL, 21, 1, NULL, NULL, NULL, NULL, NULL);
INSERT INTO `is_dev_column` VALUES (1391393973678551057, 1391374315428728834, 'is_table_logic', '是否逻辑删除字段（0：否 1：是）', 'tinyint', 'tinyint(4)', 'String', 'isTableLogic', 0, 0, 1, 1, 1, 0, 1, 0, '1', 0, 0, 0, 0, 0, '13', 0, NULL, NULL, NULL, NULL, NULL, NULL, NULL, 22, 1, NULL, NULL, NULL, NULL, NULL);
INSERT INTO `is_dev_column` VALUES (1391393973678551058, 1391374315428728834, 'html_type', '显示类型 (1:文本框 2：文本域 3：数字文本框 4：浮点型文本框 5：富文本框 6：日期选择器 7：图片选择器 8：文件选择器 9：选择器 10：远程选择器 11：树形选择器 12：复选框 13：单选框 )', 'varchar', 'varchar(40)', 'String', 'htmlType', 0, 0, 1, 1, 1, 0, 1, 0, '1', 0, 0, 0, 0, 0, '1', 0, NULL, NULL, NULL, NULL, NULL, NULL, NULL, 23, 1, NULL, NULL, NULL, NULL, NULL);
INSERT INTO `is_dev_column` VALUES (1391393973741465602, 1391374315428728834, 'is_search', '查询方式（0：字典 1：数据库表）', 'tinyint', 'tinyint(4)', 'String', 'isSearch', 0, 0, 1, 1, 1, 0, 1, 0, '1', 0, 0, 0, 0, 0, '13', 0, NULL, NULL, NULL, NULL, NULL, NULL, NULL, 24, 1, NULL, NULL, NULL, NULL, NULL);
INSERT INTO `is_dev_column` VALUES (1391393973741465603, 1391374315428728834, 'dict_type', '字典类型key', 'varchar', 'varchar(40)', 'String', 'dictType', 0, 0, 1, 1, 1, 0, 1, 0, '1', 0, 0, 0, 0, 0, '1', 0, NULL, NULL, NULL, NULL, NULL, NULL, NULL, 25, 1, NULL, NULL, NULL, NULL, NULL);
INSERT INTO `is_dev_column` VALUES (1391393973741465604, 1391374315428728834, 'verify_name', '正则方法名', 'varchar', 'varchar(40)', 'String', 'verifyName', 0, 0, 1, 1, 1, 0, 1, 0, '1', 0, 0, 0, 0, 0, '1', 0, NULL, NULL, NULL, NULL, NULL, NULL, NULL, 26, 1, NULL, NULL, NULL, NULL, NULL);
INSERT INTO `is_dev_column` VALUES (1391393973741465605, 1391374315428728834, 'left_table', '关联表名', 'varchar', 'varchar(40)', 'String', 'leftTable', 0, 0, 1, 1, 1, 0, 1, 0, '1', 0, 0, 0, 0, 0, '1', 0, NULL, NULL, NULL, NULL, NULL, NULL, NULL, 27, 1, NULL, NULL, NULL, NULL, NULL);
INSERT INTO `is_dev_column` VALUES (1391393973741465606, 1391374315428728834, 'left_key', '关联表主键', 'varchar', 'varchar(40)', 'String', 'leftKey', 0, 0, 1, 1, 1, 0, 1, 0, '1', 0, 0, 0, 0, 0, '1', 0, NULL, NULL, NULL, NULL, NULL, NULL, NULL, 28, 1, NULL, NULL, NULL, NULL, NULL);
INSERT INTO `is_dev_column` VALUES (1391393973741465607, 1391374315428728834, 'left_parent', '关联表父类', 'varchar', 'varchar(40)', 'String', 'leftParent', 0, 0, 1, 1, 1, 0, 1, 0, '1', 0, 0, 0, 0, 0, '1', 0, NULL, NULL, NULL, NULL, NULL, NULL, NULL, 29, 1, NULL, NULL, NULL, NULL, NULL);
INSERT INTO `is_dev_column` VALUES (1391393973741465608, 1391374315428728834, 'left_label', '关联表显示名称', 'varchar', 'varchar(40)', 'String', 'leftLabel', 0, 0, 1, 1, 1, 0, 1, 0, '1', 0, 0, 0, 0, 0, '1', 0, NULL, NULL, NULL, NULL, NULL, NULL, NULL, 30, 1, NULL, NULL, NULL, NULL, NULL);
INSERT INTO `is_dev_column` VALUES (1391393973741465609, 1391374315428728834, 'left_alias', '关联表显示别名', 'varchar', 'varchar(40)', 'String', 'leftAlias', 0, 0, 1, 1, 1, 0, 1, 0, '1', 0, 0, 0, 0, 0, '1', 0, NULL, NULL, NULL, NULL, NULL, NULL, NULL, 31, 1, NULL, NULL, NULL, NULL, NULL);
INSERT INTO `is_dev_column` VALUES (1391393973741465610, 1391374315428728834, 'sort', '排序', 'int', 'int(20)', 'Integer', 'sort', 0, 0, 1, 1, 1, 0, 1, 0, '1', 0, 0, 0, 0, 0, '3', 0, NULL, NULL, NULL, NULL, NULL, NULL, NULL, 32, 1, NULL, NULL, NULL, NULL, NULL);
INSERT INTO `is_dev_column` VALUES (1391393973741465611, 1391374315428728834, 'dr', '删除标识 （0：删除 1：正常）', 'tinyint', 'tinyint(4)', 'String', 'dr', 0, 0, 0, 0, 0, 0, 0, 0, '1', 0, 0, 0, 0, 1, '1', 0, NULL, NULL, NULL, NULL, NULL, NULL, NULL, 33, 1, NULL, NULL, NULL, NULL, NULL);
INSERT INTO `is_dev_column` VALUES (1391393973741465612, 1391374315428728834, 'version', '幂等', 'int', 'int(20)', 'Integer', 'version', 0, 0, 0, 0, 0, 0, 0, 0, '1', 0, 1, 0, 0, 0, '3', 0, NULL, NULL, NULL, NULL, NULL, NULL, NULL, 34, 1, 0, NULL, NULL, NULL, NULL);
INSERT INTO `is_dev_column` VALUES (1391393973741465613, 1391374315428728834, 'create_time', '创建时间', 'datetime', 'datetime', 'Date', 'createTime', 0, 0, 0, 0, 0, 0, 0, 1, '8', 0, 0, 1, 0, 0, '6', 0, NULL, NULL, NULL, NULL, NULL, NULL, NULL, 35, 1, NULL, NULL, NULL, NULL, NULL);
INSERT INTO `is_dev_column` VALUES (1391393973741465614, 1391374315428728834, 'update_time', '更新时间', 'datetime', 'datetime', 'Date', 'updateTime', 0, 0, 0, 0, 0, 0, 0, 0, '1', 0, 0, 0, 1, 0, '6', 0, NULL, NULL, NULL, NULL, NULL, NULL, NULL, 36, 1, NULL, NULL, NULL, NULL, NULL);
INSERT INTO `is_dev_column` VALUES (1391393973741465615, 1391374315428728834, 'create_by', '创建人', 'varchar', 'varchar(150)', 'String', 'createBy', 0, 0, 0, 0, 0, 0, 0, 0, '1', 0, 0, 1, 0, 0, '1', 0, NULL, NULL, NULL, NULL, NULL, NULL, NULL, 37, 1, NULL, NULL, NULL, NULL, NULL);
INSERT INTO `is_dev_column` VALUES (1391393973741465616, 1391374315428728834, 'update_by', '更新人', 'varchar', 'varchar(150)', 'String', 'updateBy', 0, 0, 0, 0, 0, 0, 0, 0, '1', 0, 0, 0, 1, 0, '1', 0, NULL, NULL, NULL, NULL, NULL, NULL, NULL, 38, 1, NULL, NULL, NULL, NULL, NULL);
INSERT INTO `is_dev_column` VALUES (1391451724932861953, 1391374279630344194, 'table_id', '数据库表主键', 'bigint', 'bigint(20)', 'String', 'tableId', 1, 0, 1, 1, 1, 0, 1, 0, '1', 0, 0, 0, 0, 0, '1', 0, NULL, NULL, NULL, NULL, NULL, NULL, NULL, 1, 1, NULL, NULL, NULL, NULL, NULL);
INSERT INTO `is_dev_column` VALUES (1391451724932861954, 1391374279630344194, 'table_name', '数据库表名称', 'varchar', 'varchar(32)', 'String', 'tableName', 0, 0, 1, 1, 1, 1, 1, 1, '1', 0, 0, 0, 0, 0, '1', 0, NULL, NULL, NULL, NULL, NULL, NULL, NULL, 2, 1, NULL, NULL, NULL, NULL, NULL);
INSERT INTO `is_dev_column` VALUES (1391451724932861955, 1391374279630344194, 'table_comment', '数据库表描述', 'varchar', 'varchar(150)', 'String', 'tableComment', 0, 0, 1, 1, 1, 1, 1, 0, '1', 0, 0, 0, 0, 0, '1', 0, NULL, NULL, NULL, NULL, NULL, NULL, NULL, 3, 1, NULL, NULL, NULL, NULL, NULL);
INSERT INTO `is_dev_column` VALUES (1391451724932861956, 1391374279630344194, 'class_name', '实体类名称', 'varchar', 'varchar(150)', 'String', 'className', 0, 0, 0, 1, 1, 0, 1, 0, '1', 0, 0, 0, 0, 0, '1', 0, NULL, NULL, NULL, NULL, NULL, NULL, NULL, 4, 1, NULL, NULL, NULL, NULL, NULL);
INSERT INTO `is_dev_column` VALUES (1391451724932861957, 1391374279630344194, 'is_category', '生成模板类型 1：正常 2：树形 ', 'tinyint', 'tinyint(4)', 'String', 'isCategory', 0, 0, 0, 1, 1, 0, 1, 0, '1', 0, 0, 0, 0, 0, '13', 0, NULL, NULL, NULL, NULL, NULL, NULL, NULL, 5, 1, NULL, NULL, NULL, NULL, NULL);
INSERT INTO `is_dev_column` VALUES (1391451724932861958, 1391374279630344194, 'is_ref', '是否主子关联 （0：否 1：是）', 'tinyint', 'tinyint(4)', 'String', 'isRef', 0, 0, 0, 1, 1, 0, 1, 0, '1', 0, 0, 0, 0, 0, '13', 0, NULL, NULL, NULL, NULL, NULL, NULL, NULL, 6, 1, NULL, NULL, NULL, NULL, NULL);
INSERT INTO `is_dev_column` VALUES (1391451724932861959, 1391374279630344194, 'is_excel', '是否需导入导出（0：不需要 1：需要）', 'tinyint', 'tinyint(4)', 'String', 'isExcel', 0, 0, 0, 1, 1, 0, 1, 0, '1', 0, 0, 0, 0, 0, '13', 0, NULL, NULL, NULL, NULL, NULL, NULL, NULL, 7, 1, NULL, NULL, NULL, NULL, NULL);
INSERT INTO `is_dev_column` VALUES (1391451724932861960, 1391374279630344194, 'view_path', '页面路径', 'varchar', 'varchar(255)', 'String', 'viewPath', 0, 0, 0, 1, 1, 0, 1, 0, '1', 0, 0, 0, 0, 0, '1', 0, NULL, NULL, NULL, NULL, NULL, NULL, NULL, 8, 1, NULL, NULL, NULL, NULL, NULL);
INSERT INTO `is_dev_column` VALUES (1391451724932861961, 1391374279630344194, 'package_name', '包名路径', 'varchar', 'varchar(150)', 'String', 'packageName', 0, 0, 0, 1, 1, 1, 1, 0, '1', 0, 0, 0, 0, 0, '1', 0, NULL, NULL, NULL, NULL, NULL, NULL, NULL, 9, 1, NULL, NULL, NULL, NULL, NULL);
INSERT INTO `is_dev_column` VALUES (1391451724987387905, 1391374279630344194, 'module_name', '模块名称', 'varchar', 'varchar(200)', 'String', 'moduleName', 0, 0, 0, 1, 1, 1, 1, 0, '1', 0, 0, 0, 0, 0, '1', 0, NULL, NULL, NULL, NULL, NULL, NULL, NULL, 10, 1, NULL, NULL, NULL, NULL, NULL);
INSERT INTO `is_dev_column` VALUES (1391451724987387906, 1391374279630344194, 'biz_name', '业务名称', 'varchar', 'varchar(150)', 'String', 'bizName', 0, 0, 0, 1, 1, 1, 1, 0, '1', 0, 0, 0, 0, 0, '1', 0, NULL, NULL, NULL, NULL, NULL, NULL, NULL, 11, 1, NULL, NULL, NULL, NULL, NULL);
INSERT INTO `is_dev_column` VALUES (1391451724987387907, 1391374279630344194, 'function_name', '功能名称', 'varchar', 'varchar(150)', 'String', 'functionName', 0, 0, 0, 1, 1, 1, 1, 0, '1', 0, 0, 0, 0, 0, '1', 0, NULL, NULL, NULL, NULL, NULL, NULL, NULL, 12, 1, NULL, NULL, NULL, NULL, NULL);
INSERT INTO `is_dev_column` VALUES (1391451724987387908, 1391374279630344194, 'gen_author', '作者名称', 'varchar', 'varchar(150)', 'String', 'genAuthor', 0, 0, 0, 1, 1, 1, 1, 0, '1', 0, 0, 0, 0, 0, '1', 0, NULL, NULL, NULL, NULL, NULL, NULL, NULL, 13, 1, NULL, NULL, NULL, NULL, NULL);
INSERT INTO `is_dev_column` VALUES (1391451724987387909, 1391374279630344194, 'sub_table_id', '子关联表id', 'bigint', 'bigint(20)', 'String', 'subTableId', 0, 0, 0, 1, 1, 0, 1, 0, '1', 0, 0, 0, 0, 0, '1', 0, NULL, NULL, NULL, NULL, NULL, NULL, NULL, 14, 1, NULL, NULL, NULL, NULL, NULL);
INSERT INTO `is_dev_column` VALUES (1391451724987387910, 1391374279630344194, 'sub_key', '子关联表key', 'bigint', 'bigint(20)', 'String', 'subKey', 0, 0, 0, 1, 1, 0, 1, 0, '1', 0, 0, 0, 0, 0, '1', 0, NULL, NULL, NULL, NULL, NULL, NULL, NULL, 15, 1, NULL, NULL, NULL, NULL, NULL);
INSERT INTO `is_dev_column` VALUES (1391451724987387911, 1391374279630344194, 'vue_table_type', '列表页类型 1：正常列表 2：左侧列表', 'tinyint', 'tinyint(4)', 'String', 'vueTableType', 0, 0, 0, 1, 1, 0, 1, 0, '1', 0, 0, 0, 0, 0, '13', 0, NULL, NULL, NULL, NULL, NULL, NULL, NULL, 16, 1, NULL, NULL, NULL, NULL, NULL);
INSERT INTO `is_dev_column` VALUES (1391451724987387912, 1391374279630344194, 'column_key', '左侧关联字段', 'varchar', 'varchar(150)', 'String', 'columnKey', 0, 0, 0, 1, 1, 0, 1, 0, '1', 0, 0, 0, 0, 0, '1', 0, NULL, NULL, NULL, NULL, NULL, NULL, NULL, 17, 1, NULL, NULL, NULL, NULL, NULL);
INSERT INTO `is_dev_column` VALUES (1391451724987387913, 1391374279630344194, 'vue_edit_type', '编辑页面类型 （1：弹窗 2：抽屉 3：新页面）', 'tinyint', 'tinyint(4)', 'String', 'vueEditType', 0, 0, 0, 1, 1, 0, 1, 0, '1', 0, 0, 0, 0, 0, '13', 0, NULL, NULL, NULL, NULL, NULL, NULL, NULL, 18, 1, NULL, NULL, NULL, NULL, NULL);
INSERT INTO `is_dev_column` VALUES (1391451724987387914, 1391374279630344194, 'vue_detail_type', '详情页面类型 （1：弹窗 2：抽屉 3：新页面）', 'tinyint', 'tinyint(4)', 'String', 'vueDetailType', 0, 0, 0, 1, 1, 0, 1, 0, '1', 0, 0, 0, 0, 0, '13', 0, NULL, NULL, NULL, NULL, NULL, NULL, NULL, 19, 1, NULL, NULL, NULL, NULL, NULL);
INSERT INTO `is_dev_column` VALUES (1391451724987387915, 1391374279630344194, 'dr', '删除标识 （0：删除 1：正常）', 'tinyint', 'tinyint(4)', 'String', 'dr', 0, 0, 0, 0, 0, 0, 0, 0, '1', 0, 0, 0, 0, 1, '1', 0, NULL, NULL, NULL, NULL, NULL, NULL, NULL, 20, 1, NULL, NULL, NULL, NULL, NULL);
INSERT INTO `is_dev_column` VALUES (1391451724987387916, 1391374279630344194, 'version', '幂等', 'int', 'int(11)', 'Integer', 'version', 0, 0, 0, 0, 0, 0, 0, 0, '1', 0, 1, 0, 0, 0, '3', 0, NULL, NULL, NULL, NULL, NULL, NULL, NULL, 21, 1, 0, NULL, NULL, NULL, NULL);
INSERT INTO `is_dev_column` VALUES (1391451724987387917, 1391374279630344194, 'create_time', '创建时间', 'datetime', 'datetime', 'Date', 'createTime', 0, 0, 1, 0, 0, 0, 0, 0, '1', 0, 0, 1, 0, 0, '6', 0, NULL, NULL, NULL, NULL, NULL, NULL, NULL, 22, 1, NULL, NULL, NULL, NULL, NULL);
INSERT INTO `is_dev_column` VALUES (1391451724987387918, 1391374279630344194, 'update_time', '更新时间', 'datetime', 'datetime', 'Date', 'updateTime', 0, 0, 1, 0, 0, 0, 0, 0, '1', 0, 0, 0, 1, 0, '6', 0, NULL, NULL, NULL, NULL, NULL, NULL, NULL, 23, 1, NULL, NULL, NULL, NULL, NULL);
INSERT INTO `is_dev_column` VALUES (1391451724987387919, 1391374279630344194, 'create_by', '创建人', 'varchar', 'varchar(150)', 'String', 'createBy', 0, 0, 0, 0, 0, 0, 0, 0, '1', 0, 0, 1, 0, 0, '1', 0, NULL, NULL, NULL, NULL, NULL, NULL, NULL, 24, 1, NULL, NULL, NULL, NULL, NULL);
INSERT INTO `is_dev_column` VALUES (1391451724987387920, 1391374279630344194, 'update_by', '更新人', 'varchar', 'varchar(150)', 'String', 'updateBy', 0, 0, 0, 0, 0, 0, 0, 0, '1', 0, 0, 0, 1, 0, '1', 0, NULL, NULL, NULL, NULL, NULL, NULL, NULL, 25, 1, NULL, NULL, NULL, NULL, NULL);
INSERT INTO `is_dev_column` VALUES (1395276110170292225, 1395276004591271937, 'dept_id', '序号', 'bigint', 'bigint(20)', 'String', 'deptId', 1, 0, 1, 1, 1, 0, 1, 0, '1', 0, 0, 0, 0, 0, '1', 0, NULL, NULL, NULL, NULL, NULL, NULL, NULL, 1, 1, 0, '2021-05-20 15:12:02', '2021-06-02 03:46:03', '1', '1');
INSERT INTO `is_dev_column` VALUES (1395276110170292226, 1395276004591271937, 'parent_id', '上级部门', 'bigint', 'bigint(20)', 'String', 'parentId', 0, 0, 1, 1, 1, 1, 1, 1, '1', 0, 0, 0, 0, 0, '11', 1, NULL, NULL, 'is_sys_dept', 'dept_id', 'parent_id', 'name', 'fdeptName', 2, 1, 0, '2021-05-20 15:12:02', '2021-06-02 03:46:03', '1', '1');
INSERT INTO `is_dev_column` VALUES (1395276110170292227, 1395276004591271937, 'code', '部门编号', 'varchar', 'varchar(32)', 'String', 'code', 0, 0, 1, 1, 1, 1, 1, 1, '7', 1, 0, 0, 0, 0, '1', 0, NULL, NULL, NULL, NULL, NULL, NULL, NULL, 3, 1, 0, '2021-05-20 15:12:02', '2021-06-02 03:46:03', '1', '1');
INSERT INTO `is_dev_column` VALUES (1395276110241595394, 1395276004591271937, 'name', '部门名称', 'varchar', 'varchar(32)', 'String', 'name', 0, 0, 1, 1, 1, 1, 1, 1, '7', 0, 0, 0, 0, 0, '1', 0, NULL, NULL, NULL, NULL, NULL, NULL, NULL, 4, 1, 0, '2021-05-20 15:12:02', '2021-06-02 03:46:03', '1', '1');
INSERT INTO `is_dev_column` VALUES (1395276110241595395, 1395276004591271937, 'link_man', '负责人', 'varchar', 'varchar(32)', 'String', 'linkMan', 0, 0, 1, 1, 1, 1, 1, 0, '1', 0, 0, 0, 0, 0, '1', 0, NULL, NULL, NULL, NULL, NULL, NULL, NULL, 5, 1, 0, '2021-05-20 15:12:02', '2021-06-02 03:46:03', '1', '1');
INSERT INTO `is_dev_column` VALUES (1395276110241595396, 1395276004591271937, 'link_mobile', '联系电话', 'char', 'char(11)', 'String', 'linkMobile', 0, 0, 1, 1, 1, 1, 1, 0, '1', 0, 0, 0, 0, 0, '1', 0, NULL, 'checkMobile', NULL, NULL, NULL, NULL, NULL, 6, 1, 0, '2021-05-20 15:12:02', '2021-06-02 03:46:03', '1', '1');
INSERT INTO `is_dev_column` VALUES (1395276110241595397, 1395276004591271937, 'sort', '排序', 'int', 'int(11)', 'Integer', 'sort', 0, 0, 1, 1, 1, 0, 1, 0, '1', 0, 0, 0, 0, 0, '3', 0, NULL, NULL, NULL, NULL, NULL, NULL, NULL, 7, 1, 0, '2021-05-20 15:12:02', '2021-06-02 03:46:03', '1', '1');
INSERT INTO `is_dev_column` VALUES (1395276110300315650, 1395276004591271937, 'status', '状态（0：正常 1：停用）', 'tinyint', 'tinyint(4)', 'String', 'status', 0, 0, 1, 1, 1, 1, 1, 0, '1', 0, 0, 0, 0, 0, '13', 0, 'isTrueType', NULL, NULL, NULL, NULL, NULL, NULL, 8, 1, 0, '2021-05-20 15:12:02', '2021-06-02 03:46:03', '1', '1');
INSERT INTO `is_dev_column` VALUES (1395276110300315651, 1395276004591271937, 'search_code', '搜索编码', 'text', 'text', 'String', 'searchCode', 0, 0, 0, 0, 0, 0, 0, 0, '1', 0, 0, 0, 0, 0, '2', 0, NULL, NULL, NULL, NULL, NULL, NULL, NULL, 9, 1, 0, '2021-05-20 15:12:02', '2021-06-02 03:46:03', '1', '1');
INSERT INTO `is_dev_column` VALUES (1395276110300315652, 1395276004591271937, 'dr', '删除标识 （0：正常 1：删除）', 'tinyint', 'tinyint(4)', 'String', 'dr', 0, 0, 0, 0, 0, 0, 0, 0, '1', 0, 0, 0, 0, 1, '1', 0, NULL, NULL, NULL, NULL, NULL, NULL, NULL, 10, 1, 0, '2021-05-20 15:12:02', '2021-06-02 03:46:03', '1', '1');
INSERT INTO `is_dev_column` VALUES (1395276110300315653, 1395276004591271937, 'version', '幂等', 'int', 'int(11)', 'Integer', 'version', 0, 0, 0, 0, 0, 0, 0, 0, '1', 0, 1, 0, 0, 0, '3', 0, NULL, NULL, NULL, NULL, NULL, NULL, NULL, 11, 1, 0, '2021-05-20 15:12:02', '2021-06-02 03:46:03', '1', '1');
INSERT INTO `is_dev_column` VALUES (1395276110300315654, 1395276004591271937, 'create_time', '创建时间', 'datetime', 'datetime', 'Date', 'createTime', 0, 0, 0, 0, 0, 0, 0, 0, '1', 0, 0, 1, 0, 0, '6', 0, NULL, NULL, NULL, NULL, NULL, NULL, NULL, 12, 1, 0, '2021-05-20 15:12:02', '2021-06-02 03:46:03', '1', '1');
INSERT INTO `is_dev_column` VALUES (1395276110367424513, 1395276004591271937, 'update_time', '更新时间', 'datetime', 'datetime', 'Date', 'updateTime', 0, 0, 0, 0, 0, 0, 0, 0, '1', 0, 0, 0, 1, 0, '6', 0, NULL, NULL, NULL, NULL, NULL, NULL, NULL, 13, 1, 0, '2021-05-20 15:12:02', '2021-06-02 03:46:03', '1', '1');
INSERT INTO `is_dev_column` VALUES (1395276110367424514, 1395276004591271937, 'create_by', '创建人', 'varchar', 'varchar(150)', 'String', 'createBy', 0, 0, 0, 0, 0, 0, 0, 0, '1', 0, 0, 1, 0, 0, '1', 0, NULL, NULL, NULL, NULL, NULL, NULL, NULL, 14, 1, 0, '2021-05-20 15:12:02', '2021-06-02 03:46:03', '1', '1');
INSERT INTO `is_dev_column` VALUES (1395276110367424515, 1395276004591271937, 'update_by', '更新人', 'varchar', 'varchar(150)', 'String', 'updateBy', 0, 0, 0, 0, 0, 0, 0, 0, '1', 0, 0, 0, 1, 0, '1', 0, NULL, NULL, NULL, NULL, NULL, NULL, NULL, 15, 1, 0, '2021-05-20 15:12:02', '2021-06-02 03:46:03', '1', '1');
INSERT INTO `is_dev_column` VALUES (1395276148967604225, 1392777452286808065, 'perm_id', '序号', 'bigint', 'bigint(20)', 'String', 'permId', 1, 0, 1, 1, 1, 0, 1, 0, '1', 0, 0, 0, 0, 0, '1', 0, NULL, NULL, NULL, NULL, NULL, NULL, NULL, 1, 1, 0, '2021-05-20 15:12:12', '2021-05-26 17:20:32', '1', '1');
INSERT INTO `is_dev_column` VALUES (1395276149038907394, 1392777452286808065, 'parent_id', '所属菜单', 'bigint', 'bigint(20)', 'String', 'parentId', 0, 0, 1, 1, 1, 1, 1, 1, '1', 0, 0, 0, 0, 0, '11', 1, NULL, NULL, 'is_sys_perm', 'perm_id', 'parent_id', 'name', 'permName', 2, 1, 0, '2021-05-20 15:12:12', '2021-05-26 17:20:32', '1', '1');
INSERT INTO `is_dev_column` VALUES (1395276149038907395, 1392777452286808065, 'name', '菜单名称', 'varchar', 'varchar(32)', 'String', 'name', 0, 0, 1, 1, 1, 1, 1, 1, '1', 0, 0, 0, 0, 0, '1', 0, NULL, NULL, NULL, NULL, NULL, NULL, NULL, 3, 1, 0, '2021-05-20 15:12:12', '2021-05-26 17:20:32', '1', '1');
INSERT INTO `is_dev_column` VALUES (1395276149038907396, 1392777452286808065, 'path', '菜单路径', 'varchar', 'varchar(32)', 'String', 'path', 0, 0, 1, 1, 1, 1, 1, 0, '1', 0, 0, 0, 0, 0, '1', 0, NULL, NULL, NULL, NULL, NULL, NULL, NULL, 4, 1, 0, '2021-05-20 15:12:12', '2021-05-26 17:20:32', '1', '1');
INSERT INTO `is_dev_column` VALUES (1395276149038907397, 1392777452286808065, 'resource', '菜单类型', 'tinyint', 'tinyint(4)', 'String', 'resource', 0, 0, 1, 1, 1, 1, 1, 0, '1', 0, 0, 0, 0, 0, '13', 0, 'permResourceType', NULL, NULL, NULL, NULL, NULL, NULL, 5, 1, 0, '2021-05-20 15:12:12', '2021-05-26 17:20:32', '1', '1');
INSERT INTO `is_dev_column` VALUES (1395276149097627650, 1392777452286808065, 'component', '路由组件', 'varchar', 'varchar(255)', 'String', 'component', 0, 0, 1, 1, 1, 0, 1, 0, '1', 0, 0, 0, 0, 0, '1', 0, NULL, NULL, NULL, NULL, NULL, NULL, NULL, 6, 1, 0, '2021-05-20 15:12:12', '2021-05-26 17:20:32', '1', '1');
INSERT INTO `is_dev_column` VALUES (1395276149097627651, 1392777452286808065, 'perm', 'shiro权限', 'varchar', 'varchar(150)', 'String', 'perm', 0, 0, 0, 1, 1, 1, 1, 0, '1', 0, 0, 0, 0, 0, '1', 0, NULL, NULL, NULL, NULL, NULL, NULL, NULL, 7, 1, 0, '2021-05-20 15:12:12', '2021-05-26 17:20:32', '1', '1');
INSERT INTO `is_dev_column` VALUES (1395276149097627652, 1392777452286808065, 'icon', '菜单图标', 'varchar', 'varchar(150)', 'String', 'icon', 0, 0, 0, 1, 1, 0, 1, 0, '1', 0, 0, 0, 0, 0, '9', 0, 'iconList', NULL, NULL, NULL, NULL, NULL, NULL, 8, 1, 0, '2021-05-20 15:12:12', '2021-05-26 17:20:32', '1', '1');
INSERT INTO `is_dev_column` VALUES (1395276149097627653, 1392777452286808065, 'color', '按钮颜色', 'varchar', 'varchar(150)', 'String', 'color', 0, 0, 0, 1, 1, 0, 1, 0, '1', 0, 0, 0, 0, 0, '9', 0, 'permColorType', NULL, NULL, NULL, NULL, NULL, NULL, 9, 1, 0, '2021-05-20 15:12:12', '2021-05-26 17:20:32', '1', '1');
INSERT INTO `is_dev_column` VALUES (1395276149164736514, 1392777452286808065, 'is_cache', '是否缓存', 'tinyint', 'tinyint(4)', 'String', 'isCache', 0, 0, 0, 1, 1, 1, 1, 0, '1', 0, 0, 0, 0, 0, '13', 0, 'isTrueType', NULL, NULL, NULL, NULL, NULL, NULL, 10, 1, 0, '2021-05-20 15:12:12', '2021-05-26 17:20:32', '1', '1');
INSERT INTO `is_dev_column` VALUES (1395276149164736515, 1392777452286808065, 'sort', '排序', 'int', 'int(11)', 'Integer', 'sort', 0, 0, 1, 1, 1, 0, 1, 0, '1', 0, 0, 0, 0, 0, '3', 0, NULL, NULL, NULL, NULL, NULL, NULL, NULL, 11, 1, 0, '2021-05-20 15:12:12', '2021-05-26 17:20:32', '1', '1');
INSERT INTO `is_dev_column` VALUES (1395276149164736516, 1392777452286808065, 'link_type', '链接类型', 'tinyint', 'tinyint(4)', 'String', 'linkType', 0, 0, 0, 1, 1, 1, 1, 0, '1', 0, 0, 0, 0, 0, '13', 0, 'permLinkType', NULL, NULL, NULL, NULL, NULL, NULL, 12, 1, 0, '2021-05-20 15:12:12', '2021-05-26 17:20:32', '1', '1');
INSERT INTO `is_dev_column` VALUES (1395276149164736517, 1392777452286808065, 'dr', '删除标识 （0：删除 1：正常）', 'tinyint', 'tinyint(4)', 'String', 'dr', 0, 0, 0, 0, 0, 0, 0, 0, '1', 0, 0, 0, 0, 1, '1', 0, NULL, NULL, NULL, NULL, NULL, NULL, NULL, 13, 1, 0, '2021-05-20 15:12:12', '2021-05-26 17:20:32', '1', '1');
INSERT INTO `is_dev_column` VALUES (1395276149231845378, 1392777452286808065, 'version', '幂等', 'int', 'int(11)', 'Integer', 'version', 0, 0, 0, 0, 0, 0, 0, 0, '1', 0, 1, 0, 0, 0, '3', 0, NULL, NULL, NULL, NULL, NULL, NULL, NULL, 14, 1, 0, '2021-05-20 15:12:12', '2021-05-26 17:20:32', '1', '1');
INSERT INTO `is_dev_column` VALUES (1395276149231845379, 1392777452286808065, 'create_time', '创建时间', 'datetime', 'datetime', 'Date', 'createTime', 0, 0, 0, 0, 0, 0, 0, 0, '1', 0, 0, 1, 0, 0, '6', 0, NULL, NULL, NULL, NULL, NULL, NULL, NULL, 15, 1, 0, '2021-05-20 15:12:12', '2021-05-26 17:20:32', '1', '1');
INSERT INTO `is_dev_column` VALUES (1395276149294759938, 1392777452286808065, 'update_time', '更新时间', 'datetime', 'datetime', 'Date', 'updateTime', 0, 0, 0, 0, 0, 0, 0, 0, '1', 0, 0, 0, 1, 0, '6', 0, NULL, NULL, NULL, NULL, NULL, NULL, NULL, 16, 1, 0, '2021-05-20 15:12:12', '2021-05-26 17:20:32', '1', '1');
INSERT INTO `is_dev_column` VALUES (1395276149294759939, 1392777452286808065, 'create_by', '创建人', 'varchar', 'varchar(150)', 'String', 'createBy', 0, 0, 0, 0, 0, 0, 0, 0, '1', 0, 0, 1, 0, 0, '1', 0, NULL, NULL, NULL, NULL, NULL, NULL, NULL, 17, 1, 0, '2021-05-20 15:12:12', '2021-05-26 17:20:32', '1', '1');
INSERT INTO `is_dev_column` VALUES (1395276149357674498, 1392777452286808065, 'update_by', '更新人', 'varchar', 'varchar(150)', 'String', 'updateBy', 0, 0, 0, 0, 0, 0, 0, 0, '1', 0, 0, 0, 1, 0, '1', 0, NULL, NULL, NULL, NULL, NULL, NULL, NULL, 18, 1, 0, '2021-05-20 15:12:12', '2021-05-26 17:20:32', '1', '1');
INSERT INTO `is_dev_column` VALUES (1395276183709024257, 1395268313621942273, 'user_id', '用户主键', 'bigint', 'bigint(20)', 'String', 'userId', 1, 0, 1, 1, 1, 0, 1, 0, '1', 0, 0, 0, 0, 0, '1', 0, NULL, NULL, NULL, NULL, NULL, NULL, NULL, 1, 1, 0, '2021-05-20 15:12:20', '2021-05-28 18:08:22', '1', '1');
INSERT INTO `is_dev_column` VALUES (1395276183709024258, 1395268313621942273, 'dept_id', '所属部门', 'bigint', 'bigint(20)', 'String', 'deptId', 0, 0, 1, 1, 1, 1, 1, 1, '1', 0, 0, 0, 0, 0, '11', 1, NULL, NULL, 'is_sys_dept', 'dept_id', 'parent_id', 'name', 'deptName', 2, 1, 0, '2021-05-20 15:12:20', '2021-05-28 18:08:22', '1', '1');
INSERT INTO `is_dev_column` VALUES (1395276183709024259, 1395268313621942273, 'nick_name', '昵称', 'varchar', 'varchar(32)', 'String', 'nickName', 0, 0, 1, 1, 1, 1, 1, 1, '7', 0, 0, 0, 0, 0, '1', 0, NULL, NULL, NULL, NULL, NULL, NULL, NULL, 3, 1, 0, '2021-05-20 15:12:20', '2021-05-28 18:08:22', '1', '1');
INSERT INTO `is_dev_column` VALUES (1395276183709024260, 1395268313621942273, 'user_name', '用户名', 'varchar', 'varchar(150)', 'String', 'userName', 0, 0, 1, 1, 1, 1, 0, 1, '7', 1, 0, 0, 0, 0, '1', 0, NULL, NULL, NULL, NULL, NULL, NULL, NULL, 4, 1, 0, '2021-05-20 15:12:20', '2021-05-28 18:08:22', '1', '1');
INSERT INTO `is_dev_column` VALUES (1395276183788716034, 1395268313621942273, 'user_pwd', '用户密码', 'varchar', 'varchar(255)', 'String', 'userPwd', 0, 0, 0, 1, 1, 0, 0, 0, '1', 0, 0, 0, 0, 0, '1', 0, NULL, NULL, NULL, NULL, NULL, NULL, NULL, 5, 1, 0, '2021-05-20 15:12:20', '2021-05-28 18:08:22', '1', '1');
INSERT INTO `is_dev_column` VALUES (1395276183788716035, 1395268313621942273, 'salt', '密码盐田', 'varchar', 'varchar(10)', 'String', 'salt', 0, 0, 0, 0, 0, 0, 0, 0, '1', 0, 0, 0, 0, 0, '1', 0, NULL, NULL, NULL, NULL, NULL, NULL, NULL, 6, 1, 0, '2021-05-20 15:12:20', '2021-05-28 18:08:22', '1', '1');
INSERT INTO `is_dev_column` VALUES (1395276183788716036, 1395268313621942273, 'head_img', '头像', 'varchar', 'varchar(255)', 'String', 'headImg', 0, 0, 1, 1, 1, 0, 1, 0, '1', 0, 0, 0, 0, 0, '7', 0, NULL, NULL, NULL, NULL, NULL, NULL, NULL, 7, 1, 0, '2021-05-20 15:12:20', '2021-05-28 18:08:22', '1', '1');
INSERT INTO `is_dev_column` VALUES (1395276183788716037, 1395268313621942273, 'sex', '性别', 'tinyint', 'tinyint(4)', 'String', 'sex', 0, 0, 0, 1, 1, 0, 1, 0, '1', 0, 0, 0, 0, 0, '13', 0, 'sexType', NULL, NULL, NULL, NULL, NULL, NULL, 8, 1, 0, '2021-05-20 15:12:20', '2021-05-28 18:08:22', '1', '1');
INSERT INTO `is_dev_column` VALUES (1395276183788716038, 1395268313621942273, 'birthday', '生日日期', 'datetime', 'datetime', 'Date', 'birthday', 0, 0, 0, 1, 1, 0, 1, 0, '1', 0, 0, 0, 0, 0, '6', 0, NULL, NULL, NULL, NULL, NULL, NULL, NULL, 9, 1, 0, '2021-05-20 15:12:20', '2021-05-28 18:08:22', '1', '1');
INSERT INTO `is_dev_column` VALUES (1395276183860019202, 1395268313621942273, 'email', '邮箱', 'varchar', 'varchar(150)', 'String', 'email', 0, 0, 1, 1, 0, 1, 1, 0, '1', 0, 0, 0, 0, 0, '1', 0, NULL, 'checkEmail', NULL, NULL, NULL, NULL, NULL, 10, 1, 0, '2021-05-20 15:12:20', '2021-05-28 18:08:22', '1', '1');
INSERT INTO `is_dev_column` VALUES (1395276183860019203, 1395268313621942273, 'mobile', '手机号', 'char', 'char(11)', 'String', 'mobile', 0, 0, 1, 1, 0, 1, 1, 1, '1', 0, 0, 0, 0, 0, '1', 0, NULL, 'checkMobile', NULL, NULL, NULL, NULL, NULL, 11, 1, 0, '2021-05-20 15:12:20', '2021-05-28 18:08:22', '1', '1');
INSERT INTO `is_dev_column` VALUES (1395276183860019204, 1395268313621942273, 'status', '状态', 'tinyint', 'tinyint(4)', 'String', 'status', 0, 0, 1, 1, 1, 1, 1, 0, '1', 0, 0, 0, 0, 0, '13', 0, 'statusType', NULL, NULL, NULL, NULL, NULL, NULL, 12, 1, 0, '2021-05-20 15:12:20', '2021-05-28 18:08:22', '1', '1');
INSERT INTO `is_dev_column` VALUES (1395276183860019205, 1395268313621942273, 'role_id', '角色ID', 'varchar', 'varchar(150)', 'String', 'roleId', 0, 0, 1, 1, 1, 0, 1, 0, '1', 0, 0, 0, 0, 0, '9', 1, NULL, NULL, 'is_sys_role', 'role_id', NULL, 'role_name', 'roleName', 13, 1, 0, '2021-05-20 15:12:20', '2021-05-28 18:08:22', '1', '1');
INSERT INTO `is_dev_column` VALUES (1395276183910350849, 1395268313621942273, 'login_date', '登录日期', 'datetime', 'datetime', 'Date', 'loginDate', 0, 0, 0, 0, 0, 0, 1, 0, '1', 0, 0, 0, 0, 0, '6', 0, NULL, NULL, NULL, NULL, NULL, NULL, NULL, 14, 1, 0, '2021-05-20 15:12:20', '2021-05-28 18:08:22', '1', '1');
INSERT INTO `is_dev_column` VALUES (1395276183910350850, 1395268313621942273, 'login_ip', '登录IP', 'varchar', 'varchar(150)', 'String', 'loginIp', 0, 0, 0, 0, 0, 0, 1, 0, '1', 0, 0, 0, 0, 0, '1', 0, NULL, NULL, NULL, NULL, NULL, NULL, NULL, 15, 1, 0, '2021-05-20 15:12:20', '2021-05-28 18:08:22', '1', '1');
INSERT INTO `is_dev_column` VALUES (1395276183910350851, 1395268313621942273, 'remark', '备注', 'varchar', 'varchar(255)', 'String', 'remark', 0, 0, 0, 1, 1, 0, 1, 0, '1', 0, 0, 0, 0, 0, '2', 0, NULL, NULL, NULL, NULL, NULL, NULL, NULL, 16, 1, 0, '2021-05-20 15:12:20', '2021-05-28 18:08:22', '1', '1');
INSERT INTO `is_dev_column` VALUES (1395276183910350852, 1395268313621942273, 'dr', '删除标识 （0：删除 1：正常）', 'tinyint', 'tinyint(4)', 'String', 'dr', 0, 0, 0, 0, 0, 0, 0, 0, '1', 0, 0, 0, 0, 1, '1', 0, NULL, NULL, NULL, NULL, NULL, NULL, NULL, 17, 1, 0, '2021-05-20 15:12:20', '2021-05-28 18:08:22', '1', '1');
INSERT INTO `is_dev_column` VALUES (1395276183910350853, 1395268313621942273, 'version', '幂等', 'int', 'int(11)', 'Integer', 'version', 0, 0, 0, 0, 0, 0, 0, 0, '1', 0, 1, 0, 0, 0, '3', 0, NULL, NULL, NULL, NULL, NULL, NULL, NULL, 18, 1, 0, '2021-05-20 15:12:20', '2021-05-28 18:08:22', '1', '1');
INSERT INTO `is_dev_column` VALUES (1395276183910350854, 1395268313621942273, 'create_time', '创建时间', 'datetime', 'datetime', 'Date', 'createTime', 0, 0, 0, 0, 0, 0, 0, 0, '1', 0, 0, 1, 0, 0, '6', 0, NULL, NULL, NULL, NULL, NULL, NULL, NULL, 19, 1, 0, '2021-05-20 15:12:20', '2021-05-28 18:08:22', '1', '1');
INSERT INTO `is_dev_column` VALUES (1395276183981654017, 1395268313621942273, 'update_time', '更新时间', 'datetime', 'datetime', 'Date', 'updateTime', 0, 0, 0, 0, 0, 0, 0, 0, '1', 0, 0, 0, 1, 0, '6', 0, NULL, NULL, NULL, NULL, NULL, NULL, NULL, 20, 1, 0, '2021-05-20 15:12:20', '2021-05-28 18:08:22', '1', '1');
INSERT INTO `is_dev_column` VALUES (1395276183981654018, 1395268313621942273, 'create_by', '创建人', 'varchar', 'varchar(150)', 'String', 'createBy', 0, 0, 0, 0, 0, 0, 0, 0, '1', 0, 0, 1, 0, 0, '1', 0, NULL, NULL, NULL, NULL, NULL, NULL, NULL, 21, 1, 0, '2021-05-20 15:12:20', '2021-05-28 18:08:22', '1', '1');
INSERT INTO `is_dev_column` VALUES (1395276184048762882, 1395268313621942273, 'update_by', '更新人', 'varchar', 'varchar(150)', 'String', 'updateBy', 0, 0, 0, 0, 0, 0, 0, 0, '1', 0, 0, 0, 1, 0, '1', 0, NULL, NULL, NULL, NULL, NULL, NULL, NULL, 22, 1, 0, '2021-05-20 15:12:20', '2021-05-28 18:08:22', '1', '1');
INSERT INTO `is_dev_column` VALUES (1395284043369250817, 1395284042261954562, 'dict_id', '字典主键', 'bigint', 'bigint(20)', 'String', 'dictId', 1, 0, 1, 1, 1, 0, 1, 0, '1', 0, 0, 0, 0, 0, '1', 0, NULL, NULL, NULL, NULL, NULL, NULL, NULL, 1, 1, 0, '2021-05-20 15:43:34', '2021-05-20 15:45:38', '1', '1');
INSERT INTO `is_dev_column` VALUES (1395284043432165377, 1395284042261954562, 'dict_key', '字典key', 'varchar', 'varchar(150)', 'String', 'dictKey', 0, 0, 1, 1, 1, 0, 1, 1, '7', 0, 0, 0, 0, 0, '1', 0, NULL, NULL, NULL, NULL, NULL, NULL, NULL, 2, 1, 0, '2021-05-20 15:43:34', '2021-05-20 15:45:38', '1', '1');
INSERT INTO `is_dev_column` VALUES (1395284043432165378, 1395284042261954562, 'type', '类型：（1：文本  2：数组 3：文件）', 'tinyint', 'tinyint(4)', 'String', 'type', 0, 0, 1, 1, 1, 0, 1, 0, '1', 0, 0, 0, 0, 0, '13', 0, NULL, NULL, NULL, NULL, NULL, NULL, NULL, 3, 1, 0, '2021-05-20 15:43:34', '2021-05-20 15:45:38', '1', '1');
INSERT INTO `is_dev_column` VALUES (1395284043495079937, 1395284042261954562, 'value', '字典值', 'mediumtext', 'mediumtext', 'String', 'value', 0, 0, 0, 1, 1, 0, 1, 0, '1', 0, 0, 0, 0, 0, '2', 0, NULL, NULL, NULL, NULL, NULL, NULL, NULL, 4, 1, 0, '2021-05-20 15:43:34', '2021-05-20 15:45:38', '1', '1');
INSERT INTO `is_dev_column` VALUES (1395284043495079938, 1395284042261954562, 'des', '配置描述', 'varchar', 'varchar(255)', 'String', 'des', 0, 0, 1, 1, 1, 0, 1, 0, '1', 0, 0, 0, 0, 0, '1', 0, NULL, NULL, NULL, NULL, NULL, NULL, NULL, 5, 1, 0, '2021-05-20 15:43:34', '2021-05-20 15:45:38', '1', '1');
INSERT INTO `is_dev_column` VALUES (1395284043562188802, 1395284042261954562, 'dr', '删除标识 （0：删除 1：正常）', 'tinyint', 'tinyint(4)', 'String', 'dr', 0, 0, 0, 0, 0, 0, 0, 0, '1', 0, 0, 0, 0, 1, '1', 0, NULL, NULL, NULL, NULL, NULL, NULL, NULL, 6, 1, 0, '2021-05-20 15:43:34', '2021-05-20 15:45:38', '1', '1');
INSERT INTO `is_dev_column` VALUES (1395284043629297665, 1395284042261954562, 'version', '幂等', 'int', 'int(11)', 'Integer', 'version', 0, 0, 0, 0, 0, 0, 0, 0, '1', 0, 1, 0, 0, 0, '3', 0, NULL, NULL, NULL, NULL, NULL, NULL, NULL, 7, 1, 0, '2021-05-20 15:43:34', '2021-05-20 15:45:38', '1', '1');
INSERT INTO `is_dev_column` VALUES (1395284043696406530, 1395284042261954562, 'create_time', '创建时间', 'datetime', 'datetime', 'Date', 'createTime', 0, 0, 0, 0, 0, 0, 0, 0, '1', 0, 0, 1, 0, 0, '6', 0, NULL, NULL, NULL, NULL, NULL, NULL, NULL, 8, 1, 0, '2021-05-20 15:43:34', '2021-05-20 15:45:38', '1', '1');
INSERT INTO `is_dev_column` VALUES (1395284043696406531, 1395284042261954562, 'update_time', '更新时间', 'datetime', 'datetime', 'Date', 'updateTime', 0, 0, 0, 0, 0, 0, 0, 0, '1', 0, 0, 0, 1, 0, '6', 0, NULL, NULL, NULL, NULL, NULL, NULL, NULL, 9, 1, 0, '2021-05-20 15:43:34', '2021-05-20 15:45:38', '1', '1');
INSERT INTO `is_dev_column` VALUES (1395284043763515394, 1395284042261954562, 'create_by', '创建人', 'varchar', 'varchar(150)', 'String', 'createBy', 0, 0, 0, 0, 0, 0, 0, 0, '1', 0, 0, 1, 0, 0, '1', 0, NULL, NULL, NULL, NULL, NULL, NULL, NULL, 10, 1, 0, '2021-05-20 15:43:34', '2021-05-20 15:45:38', '1', '1');
INSERT INTO `is_dev_column` VALUES (1395284043763515395, 1395284042261954562, 'update_by', '更新人', 'varchar', 'varchar(150)', 'String', 'updateBy', 0, 0, 0, 0, 0, 0, 0, 0, '1', 0, 0, 0, 1, 0, '1', 0, NULL, NULL, NULL, NULL, NULL, NULL, NULL, 11, 1, 0, '2021-05-20 15:43:34', '2021-05-20 15:45:38', '1', '1');
INSERT INTO `is_dev_column` VALUES (1398162797283192833, 1398162796767293442, 'id', '用户角色关联表', 'bigint', 'bigint(20)', 'String', 'id', 1, 0, 1, 1, 1, 0, 1, 0, '1', 0, 0, 0, 0, 0, '1', 0, NULL, NULL, NULL, NULL, NULL, NULL, NULL, 1, 1, 0, '2021-05-28 14:22:42', '2021-05-28 18:39:31', '1', '1');
INSERT INTO `is_dev_column` VALUES (1398162797346107394, 1398162796767293442, 'role_id', '角色ID', 'bigint', 'bigint(20)', 'String', 'roleId', 0, 0, 1, 1, 1, 1, 1, 0, '1', 0, 0, 0, 0, 0, '1', 0, NULL, NULL, NULL, NULL, NULL, NULL, NULL, 3, 1, 0, '2021-05-28 14:22:42', '2021-05-28 18:39:31', '1', '1');
INSERT INTO `is_dev_column` VALUES (1398162797346107395, 1398162796767293442, 'user_id', '用户ID', 'bigint', 'bigint(20)', 'String', 'userId', 0, 0, 1, 1, 1, 1, 1, 0, '1', 0, 0, 0, 0, 0, '1', 0, NULL, NULL, NULL, NULL, NULL, NULL, NULL, 2, 1, 0, '2021-05-28 14:22:42', '2021-05-28 18:39:31', '1', '1');
INSERT INTO `is_dev_column` VALUES (1398167332886097921, 1393980403751776257, 'create_by', '创建人', 'varchar', 'varchar(150)', 'String', 'createBy', 0, 0, 0, 0, 0, 0, 0, 0, '1', 0, 0, 1, 0, 0, '1', 0, NULL, NULL, NULL, NULL, NULL, NULL, NULL, 12, 1, 0, '2021-05-28 14:40:44', '2021-05-28 14:57:26', '1', '1');
INSERT INTO `is_dev_column` VALUES (1398167332949012481, 1393980403751776257, 'create_time', '创建时间', 'datetime', 'datetime', 'Date', 'createTime', 0, 0, 0, 0, 0, 0, 0, 0, '1', 0, 0, 1, 0, 0, '6', 0, NULL, NULL, NULL, NULL, NULL, NULL, NULL, 10, 1, 0, '2021-05-28 14:40:44', '2021-05-28 14:57:26', '1', '1');
INSERT INTO `is_dev_column` VALUES (1398167332949012482, 1393980403751776257, 'des', '描述', 'varchar', 'varchar(255)', 'String', 'des', 0, 0, 0, 1, 1, 0, 1, 0, '1', 0, 0, 0, 0, 0, '1', 0, NULL, NULL, NULL, NULL, NULL, NULL, NULL, 7, 1, 0, '2021-05-28 14:40:44', '2021-05-28 14:57:26', '1', '1');
INSERT INTO `is_dev_column` VALUES (1398167332949012483, 1393980403751776257, 'dr', '删除标识 （0：删除 1：正常）', 'tinyint', 'tinyint(4)', 'String', 'dr', 0, 0, 0, 0, 0, 0, 0, 0, '1', 0, 0, 0, 0, 1, '1', 0, NULL, NULL, NULL, NULL, NULL, NULL, NULL, 8, 1, 0, '2021-05-28 14:40:44', '2021-05-28 14:57:26', '1', '1');
INSERT INTO `is_dev_column` VALUES (1398167332949012484, 1393980403751776257, 'is_search', '查询权限 （-1：无权限 0：全部数据权限  1:自定义部门数据权限 2：本部门及以下数据权限 3：本部门数据权限 ）', 'tinyint', 'tinyint(4)', 'String', 'isSearch', 0, 0, 1, 1, 1, 1, 1, 0, '1', 0, 0, 0, 0, 0, '9', 0, 'isSearchType', NULL, NULL, NULL, NULL, NULL, NULL, 3, 1, 0, '2021-05-28 14:40:44', '2021-05-28 14:57:26', '1', '1');
INSERT INTO `is_dev_column` VALUES (1398167332949012485, 1393980403751776257, 'is_system', '是否系统角色 0：不是 1：是', 'tinyint', 'tinyint(4)', 'String', 'isSystem', 0, 0, 0, 0, 0, 0, 1, 0, '1', 0, 0, 0, 0, 0, '13', 0, NULL, NULL, NULL, NULL, NULL, NULL, NULL, 5, 1, 0, '2021-05-28 14:40:44', '2021-05-28 14:57:26', '1', '1');
INSERT INTO `is_dev_column` VALUES (1398167332949012486, 1393980403751776257, 'power_depts', '自定义部门数组', 'text', 'text', 'String', 'powerDepts', 0, 0, 0, 1, 1, 0, 1, 0, '1', 0, 0, 0, 0, 0, '11', 1, NULL, NULL, 'is_sys_dept', 'dept_id', 'parent_id', 'name', 'deptName', 4, 1, 0, '2021-05-28 14:40:44', '2021-05-28 14:57:26', '1', '1');
INSERT INTO `is_dev_column` VALUES (1398167332949012487, 1393980403751776257, 'role_id', '角色主键', 'bigint', 'bigint(20)', 'String', 'roleId', 1, 0, 1, 1, 1, 0, 1, 0, '1', 0, 0, 0, 0, 0, '1', 0, NULL, NULL, NULL, NULL, NULL, NULL, NULL, 1, 1, 0, '2021-05-28 14:40:44', '2021-05-28 14:57:26', '1', '1');
INSERT INTO `is_dev_column` VALUES (1398167332949012488, 1393980403751776257, 'role_name', '角色名称', 'varchar', 'varchar(150)', 'String', 'roleName', 0, 0, 1, 1, 1, 1, 1, 1, '7', 0, 0, 0, 0, 0, '1', 0, NULL, NULL, NULL, NULL, NULL, NULL, NULL, 2, 1, 0, '2021-05-28 14:40:44', '2021-05-28 14:57:26', '1', '1');
INSERT INTO `is_dev_column` VALUES (1398167332949012489, 1393980403751776257, 'status', '状态 （0：禁用 1：正常 ）', 'tinyint', 'tinyint(4)', 'String', 'status', 0, 0, 1, 1, 1, 1, 1, 0, '1', 0, 0, 0, 0, 0, '13', 0, 'statusType', NULL, NULL, NULL, NULL, NULL, NULL, 6, 1, 0, '2021-05-28 14:40:44', '2021-05-28 14:57:26', '1', '1');
INSERT INTO `is_dev_column` VALUES (1398167332949012490, 1393980403751776257, 'update_by', '更新人', 'varchar', 'varchar(150)', 'String', 'updateBy', 0, 0, 0, 0, 0, 0, 0, 0, '1', 0, 0, 0, 1, 0, '1', 0, NULL, NULL, NULL, NULL, NULL, NULL, NULL, 13, 1, 0, '2021-05-28 14:40:44', '2021-05-28 14:57:26', '1', '1');
INSERT INTO `is_dev_column` VALUES (1398167333011927041, 1393980403751776257, 'update_time', '更新时间', 'datetime', 'datetime', 'Date', 'updateTime', 0, 0, 0, 0, 0, 0, 0, 0, '1', 0, 0, 0, 1, 0, '6', 0, NULL, NULL, NULL, NULL, NULL, NULL, NULL, 11, 1, 0, '2021-05-28 14:40:44', '2021-05-28 14:57:26', '1', '1');
INSERT INTO `is_dev_column` VALUES (1398167333011927042, 1393980403751776257, 'version', '幂等', 'int', 'int(11)', 'Integer', 'version', 0, 0, 0, 0, 0, 0, 0, 0, '1', 0, 1, 0, 0, 0, '3', 0, NULL, NULL, NULL, NULL, NULL, NULL, NULL, 9, 1, 0, '2021-05-28 14:40:44', '2021-05-28 14:57:26', '1', '1');
INSERT INTO `is_dev_column` VALUES (1398177135515553793, 1398177134911574017, 'id', '角色权限关联主键', 'bigint', 'bigint(20)', 'String', 'id', 1, 0, 1, 1, 1, 0, 1, 0, '1', 0, 0, 0, 0, 0, '1', 0, NULL, NULL, NULL, NULL, NULL, NULL, NULL, 1, 1, 0, '2021-05-28 15:19:41', NULL, '1', NULL);
INSERT INTO `is_dev_column` VALUES (1398177135515553794, 1398177134911574017, 'perm_id', '权限ID', 'bigint', 'bigint(20)', 'String', 'permId', 0, 0, 1, 1, 1, 0, 1, 0, '1', 0, 0, 0, 0, 0, '1', 0, NULL, NULL, NULL, NULL, NULL, NULL, NULL, 2, 1, 0, '2021-05-28 15:19:41', NULL, '1', NULL);
INSERT INTO `is_dev_column` VALUES (1398177135515553795, 1398177134911574017, 'role_id', '角色ID', 'bigint', 'bigint(20)', 'String', 'roleId', 0, 0, 1, 1, 1, 0, 1, 0, '1', 0, 0, 0, 0, 0, '1', 0, NULL, NULL, NULL, NULL, NULL, NULL, NULL, 3, 1, 0, '2021-05-28 15:19:41', NULL, '1', NULL);
INSERT INTO `is_dev_column` VALUES (1399284883904962561, 1399284804938801153, 'biz_type', '日志类型（1：登录 2：查询 3：新增 4：编辑 5：删除 6：导入 7：导出）', 'tinyint', 'tinyint(4)', 'String', 'bizType', 0, 0, 1, 1, 1, 0, 1, 1, '1', 0, 0, 0, 0, 0, '9', 0, 'sysLogType', NULL, NULL, NULL, NULL, NULL, NULL, 4, 1, 0, '2021-05-31 16:41:28', '2021-05-31 17:07:22', '1', '1');
INSERT INTO `is_dev_column` VALUES (1399284883904962562, 1399284804938801153, 'browser', '浏览器类型', 'varchar', 'varchar(255)', 'String', 'browser', 0, 0, 0, 1, 1, 0, 1, 0, '1', 0, 0, 0, 0, 0, '1', 0, NULL, NULL, NULL, NULL, NULL, NULL, NULL, 16, 1, 0, '2021-05-31 16:41:28', '2021-05-31 17:07:22', '1', '1');
INSERT INTO `is_dev_column` VALUES (1399284883967877121, 1399284804938801153, 'create_by', '创建人', 'varchar', 'varchar(150)', 'String', 'createBy', 0, 0, 0, 0, 0, 0, 0, 0, '1', 0, 0, 1, 0, 0, '1', 0, NULL, NULL, NULL, NULL, NULL, NULL, NULL, 22, 1, 0, '2021-05-31 16:41:28', '2021-05-31 17:07:22', '1', '1');
INSERT INTO `is_dev_column` VALUES (1399284883967877122, 1399284804938801153, 'create_time', '创建时间', 'datetime', 'datetime', 'Date', 'createTime', 0, 0, 0, 0, 0, 0, 0, 0, '1', 0, 0, 1, 0, 0, '6', 0, NULL, NULL, NULL, NULL, NULL, NULL, NULL, 20, 1, 0, '2021-05-31 16:41:28', '2021-05-31 17:07:22', '1', '1');
INSERT INTO `is_dev_column` VALUES (1399284883967877123, 1399284804938801153, 'dr', '删除标识 （0：正常 1：删除）', 'tinyint', 'tinyint(4)', 'String', 'dr', 0, 0, 0, 0, 0, 0, 0, 0, '1', 0, 0, 0, 0, 1, '1', 0, NULL, NULL, NULL, NULL, NULL, NULL, NULL, 18, 1, 0, '2021-05-31 16:41:28', '2021-05-31 17:07:22', '1', '1');
INSERT INTO `is_dev_column` VALUES (1399284883967877124, 1399284804938801153, 'error_msg', '错误提示', 'varchar', 'varchar(255)', 'String', 'errorMsg', 0, 0, 0, 1, 1, 0, 1, 0, '1', 0, 0, 0, 0, 0, '1', 0, NULL, NULL, NULL, NULL, NULL, NULL, NULL, 15, 1, 0, '2021-05-31 16:41:28', '2021-05-31 17:07:22', '1', '1');
INSERT INTO `is_dev_column` VALUES (1399284883967877125, 1399284804938801153, 'log_id', '主键', 'bigint', 'bigint(20)', 'String', 'logId', 1, 0, 1, 1, 1, 0, 1, 0, '1', 0, 0, 0, 0, 0, '1', 0, NULL, NULL, NULL, NULL, NULL, NULL, NULL, 1, 1, 0, '2021-05-31 16:41:28', '2021-05-31 17:07:22', '1', '1');
INSERT INTO `is_dev_column` VALUES (1399284883967877126, 1399284804938801153, 'method', '访问方法名', 'varchar', 'varchar(255)', 'String', 'method', 0, 0, 1, 1, 1, 0, 1, 0, '1', 0, 0, 0, 0, 0, '1', 0, NULL, NULL, NULL, NULL, NULL, NULL, NULL, 5, 1, 0, '2021-05-31 16:41:28', '2021-05-31 17:07:22', '1', '1');
INSERT INTO `is_dev_column` VALUES (1399284884030791681, 1399284804938801153, 'os', '操作系统', 'varchar', 'varchar(255)', 'String', 'os', 0, 0, 0, 1, 1, 0, 1, 0, '1', 0, 0, 0, 0, 0, '1', 0, NULL, NULL, NULL, NULL, NULL, NULL, NULL, 17, 1, 0, '2021-05-31 16:41:28', '2021-05-31 17:07:22', '1', '1');
INSERT INTO `is_dev_column` VALUES (1399284884030791682, 1399284804938801153, 'platform_type', '设备类型 （0：管理端 1：PC端  2：安卓端 3：IOS端 4：H5端 5：小程序端）', 'tinyint', 'tinyint(4)', 'String', 'platformType', 0, 0, 1, 1, 1, 0, 1, 1, '1', 0, 0, 0, 0, 0, '9', 0, 'platformType', NULL, NULL, NULL, NULL, NULL, NULL, 7, 1, 0, '2021-05-31 16:41:28', '2021-05-31 17:07:22', '1', '1');
INSERT INTO `is_dev_column` VALUES (1399284884030791683, 1399284804938801153, 'request_adress', '请求地址', 'varchar', 'varchar(255)', 'String', 'requestAdress', 0, 0, 1, 1, 1, 0, 1, 0, '1', 0, 0, 0, 0, 0, '1', 0, NULL, NULL, NULL, NULL, NULL, NULL, NULL, 11, 1, 0, '2021-05-31 16:41:28', '2021-05-31 17:07:22', '1', '1');
INSERT INTO `is_dev_column` VALUES (1399284884030791684, 1399284804938801153, 'request_ip', '请求IP', 'varchar', 'varchar(50)', 'String', 'requestIp', 0, 0, 1, 1, 1, 0, 1, 0, '1', 0, 0, 0, 0, 0, '1', 0, NULL, NULL, NULL, NULL, NULL, NULL, NULL, 10, 1, 0, '2021-05-31 16:41:28', '2021-05-31 17:07:22', '1', '1');
INSERT INTO `is_dev_column` VALUES (1399284884030791685, 1399284804938801153, 'request_name', '请求用户名', 'varchar', 'varchar(255)', 'String', 'requestName', 0, 0, 1, 1, 1, 0, 1, 0, '1', 0, 0, 0, 0, 0, '1', 0, NULL, NULL, NULL, NULL, NULL, NULL, NULL, 8, 1, 0, '2021-05-31 16:41:28', '2021-05-31 17:07:22', '1', '1');
INSERT INTO `is_dev_column` VALUES (1399284884030791686, 1399284804938801153, 'request_param', '请求参数', 'text', 'text', 'String', 'requestParam', 0, 0, 0, 1, 1, 0, 1, 0, '1', 0, 0, 0, 0, 0, '2', 0, NULL, NULL, NULL, NULL, NULL, NULL, NULL, 12, 1, 0, '2021-05-31 16:41:28', '2021-05-31 17:07:22', '1', '1');
INSERT INTO `is_dev_column` VALUES (1399284884030791687, 1399284804938801153, 'request_result', '请求响应数据', 'text', 'text', 'String', 'requestResult', 0, 0, 0, 1, 1, 0, 1, 0, '1', 0, 0, 0, 0, 0, '2', 0, NULL, NULL, NULL, NULL, NULL, NULL, NULL, 13, 1, 0, '2021-05-31 16:41:28', '2021-05-31 17:07:22', '1', '1');
INSERT INTO `is_dev_column` VALUES (1399284884030791688, 1399284804938801153, 'request_type', '请求方式', 'varchar', 'varchar(20)', 'String', 'requestType', 0, 0, 1, 1, 1, 0, 1, 0, '1', 0, 0, 0, 0, 0, '1', 0, NULL, NULL, NULL, NULL, NULL, NULL, NULL, 6, 1, 0, '2021-05-31 16:41:28', '2021-05-31 17:07:22', '1', '1');
INSERT INTO `is_dev_column` VALUES (1399284884030791689, 1399284804938801153, 'request_url', '请求路径', 'varchar', 'varchar(255)', 'String', 'requestUrl', 0, 0, 0, 1, 1, 0, 1, 0, '1', 0, 0, 0, 0, 0, '1', 0, NULL, NULL, NULL, NULL, NULL, NULL, NULL, 9, 1, 0, '2021-05-31 16:41:28', '2021-05-31 17:07:22', '1', '1');
INSERT INTO `is_dev_column` VALUES (1399284884097900545, 1399284804938801153, 'status', '请求状态 0：异常 1：正常', 'tinyint', 'tinyint(4)', 'String', 'status', 0, 0, 1, 1, 1, 0, 1, 0, '1', 0, 0, 0, 0, 0, '13', 0, 'sysLogStatus', NULL, NULL, NULL, NULL, NULL, NULL, 14, 1, 0, '2021-05-31 16:41:28', '2021-05-31 17:07:22', '1', '1');
INSERT INTO `is_dev_column` VALUES (1399284884097900546, 1399284804938801153, 'title', '模块标题', 'varchar', 'varchar(50)', 'String', 'title', 0, 0, 1, 1, 1, 0, 1, 1, '7', 0, 0, 0, 0, 0, '1', 0, NULL, NULL, NULL, NULL, NULL, NULL, NULL, 3, 1, 0, '2021-05-31 16:41:28', '2021-05-31 17:07:22', '1', '1');
INSERT INTO `is_dev_column` VALUES (1399284884097900547, 1399284804938801153, 'update_by', '更新人', 'varchar', 'varchar(150)', 'String', 'updateBy', 0, 0, 0, 0, 0, 0, 0, 0, '1', 0, 0, 0, 1, 0, '1', 0, NULL, NULL, NULL, NULL, NULL, NULL, NULL, 23, 1, 0, '2021-05-31 16:41:28', '2021-05-31 17:07:22', '1', '1');
INSERT INTO `is_dev_column` VALUES (1399284884097900548, 1399284804938801153, 'update_time', '更新时间', 'datetime', 'datetime', 'Date', 'updateTime', 0, 0, 0, 0, 0, 0, 0, 0, '1', 0, 0, 0, 1, 0, '6', 0, NULL, NULL, NULL, NULL, NULL, NULL, NULL, 21, 1, 0, '2021-05-31 16:41:28', '2021-05-31 17:07:22', '1', '1');
INSERT INTO `is_dev_column` VALUES (1399284884097900549, 1399284804938801153, 'user_id', '用户ID', 'bigint', 'bigint(20)', 'String', 'userId', 0, 0, 0, 1, 1, 0, 1, 0, '1', 0, 0, 0, 0, 0, '1', 0, NULL, NULL, NULL, NULL, NULL, NULL, NULL, 2, 1, 0, '2021-05-31 16:41:28', '2021-05-31 17:07:22', '1', '1');
INSERT INTO `is_dev_column` VALUES (1399284884097900550, 1399284804938801153, 'version', '幂等', 'int', 'int(11)', 'Integer', 'version', 0, 0, 0, 0, 0, 0, 0, 0, '1', 0, 1, 0, 0, 0, '3', 0, NULL, NULL, NULL, NULL, NULL, NULL, NULL, 19, 1, 0, '2021-05-31 16:41:28', '2021-05-31 17:07:22', '1', '1');
INSERT INTO `is_dev_column` VALUES (1399974489344339969, 1399974441046929409, 'notice_id', '主键', 'bigint', 'bigint(20)', 'String', 'noticeId', 1, 0, 1, 1, 1, 0, 1, 0, '1', 0, 0, 0, 0, 0, '1', 0, NULL, NULL, NULL, NULL, NULL, NULL, NULL, 1, 1, 0, '2021-06-02 14:21:43', '2021-06-02 14:23:09', '1398292631032303618', '1398292631032303618');
INSERT INTO `is_dev_column` VALUES (1399974489344339970, 1399974441046929409, 'title', '公告标题', 'varchar', 'varchar(150)', 'String', 'title', 0, 0, 1, 1, 1, 1, 1, 1, '7', 0, 0, 0, 0, 0, '1', 0, NULL, NULL, NULL, NULL, NULL, NULL, NULL, 2, 1, 0, '2021-06-02 14:21:43', '2021-06-02 14:23:09', '1398292631032303618', '1398292631032303618');
INSERT INTO `is_dev_column` VALUES (1399974489411448833, 1399974441046929409, 'content', '公告内容', 'longtext', 'longtext', 'String', 'content', 0, 0, 0, 1, 1, 1, 1, 0, '1', 0, 0, 0, 0, 0, '5', 0, NULL, NULL, NULL, NULL, NULL, NULL, NULL, 3, 1, 0, '2021-06-02 14:21:43', '2021-06-02 14:23:09', '1398292631032303618', '1398292631032303618');
INSERT INTO `is_dev_column` VALUES (1399974489411448834, 1399974441046929409, 'status', '公告状态（1正常 0关闭）', 'tinyint', 'tinyint(4)', 'String', 'status', 0, 0, 1, 1, 1, 1, 1, 0, '1', 0, 0, 0, 0, 0, '13', 0, 'statusType', NULL, NULL, NULL, NULL, NULL, NULL, 4, 1, 0, '2021-06-02 14:21:43', '2021-06-02 14:23:09', '1398292631032303618', '1398292631032303618');
INSERT INTO `is_dev_column` VALUES (1399974489411448835, 1399974441046929409, 'dr', '删除标识 （0：删除 1：正常）', 'tinyint', 'tinyint(4)', 'String', 'dr', 0, 0, 0, 0, 0, 0, 0, 0, '1', 0, 0, 0, 0, 1, '1', 0, NULL, NULL, NULL, NULL, NULL, NULL, NULL, 5, 1, 0, '2021-06-02 14:21:43', '2021-06-02 14:23:09', '1398292631032303618', '1398292631032303618');
INSERT INTO `is_dev_column` VALUES (1399974489411448836, 1399974441046929409, 'version', '幂等', 'int', 'int(11)', 'Integer', 'version', 0, 0, 0, 0, 0, 0, 0, 0, '1', 0, 1, 0, 0, 0, '3', 0, NULL, NULL, NULL, NULL, NULL, NULL, NULL, 6, 1, 0, '2021-06-02 14:21:43', '2021-06-02 14:23:09', '1398292631032303618', '1398292631032303618');
INSERT INTO `is_dev_column` VALUES (1399974489411448837, 1399974441046929409, 'create_time', '创建时间', 'datetime', 'datetime', 'Date', 'createTime', 0, 0, 0, 0, 0, 0, 0, 0, '1', 0, 0, 1, 0, 0, '6', 0, NULL, NULL, NULL, NULL, NULL, NULL, NULL, 7, 1, 0, '2021-06-02 14:21:43', '2021-06-02 14:23:09', '1398292631032303618', '1398292631032303618');
INSERT INTO `is_dev_column` VALUES (1399974489411448838, 1399974441046929409, 'update_time', '更新时间', 'datetime', 'datetime', 'Date', 'updateTime', 0, 0, 0, 0, 0, 0, 0, 0, '1', 0, 0, 0, 1, 0, '6', 0, NULL, NULL, NULL, NULL, NULL, NULL, NULL, 8, 1, 0, '2021-06-02 14:21:43', '2021-06-02 14:23:09', '1398292631032303618', '1398292631032303618');
INSERT INTO `is_dev_column` VALUES (1399974489411448839, 1399974441046929409, 'create_by', '创建人', 'varchar', 'varchar(150)', 'String', 'createBy', 0, 0, 0, 0, 0, 0, 0, 0, '1', 0, 0, 1, 0, 0, '1', 0, NULL, NULL, NULL, NULL, NULL, NULL, NULL, 9, 1, 0, '2021-06-02 14:21:43', '2021-06-02 14:23:09', '1398292631032303618', '1398292631032303618');
INSERT INTO `is_dev_column` VALUES (1399974489411448840, 1399974441046929409, 'update_by', '更新人', 'varchar', 'varchar(150)', 'String', 'updateBy', 0, 0, 0, 0, 0, 0, 0, 0, '1', 0, 0, 0, 1, 0, '1', 0, NULL, NULL, NULL, NULL, NULL, NULL, NULL, 10, 1, 0, '2021-06-02 14:21:43', '2021-06-02 14:23:09', '1398292631032303618', '1398292631032303618');

-- ----------------------------
-- Table structure for is_dev_table
-- ----------------------------
DROP TABLE IF EXISTS `is_dev_table`;
CREATE TABLE `is_dev_table`  (
  `table_id` bigint(20) NOT NULL DEFAULT 1 COMMENT '数据库表主键',
  `table_name` varchar(32) CHARACTER SET utf8mb4 COLLATE utf8mb4_0900_ai_ci NOT NULL COMMENT '数据库表名称',
  `table_comment` varchar(150) CHARACTER SET utf8mb4 COLLATE utf8mb4_0900_ai_ci NOT NULL COMMENT '数据库表描述',
  `class_name` varchar(150) CHARACTER SET utf8mb4 COLLATE utf8mb4_0900_ai_ci NULL DEFAULT NULL COMMENT '实体类名称',
  `is_category` tinyint(4) NULL DEFAULT 1 COMMENT '生成模板类型 1：正常 2：树形 ',
  `parent_key` varchar(255) CHARACTER SET utf8mb4 COLLATE utf8mb4_0900_ai_ci NULL DEFAULT NULL COMMENT '树形父类字段',
  `is_ref` tinyint(4) NULL DEFAULT 0 COMMENT '是否主子关联 （0：否 1：是）',
  `is_excel` tinyint(4) NULL DEFAULT 0 COMMENT '是否需导入导出（0：不需要 1：需要）',
  `view_path` varchar(255) CHARACTER SET utf8mb4 COLLATE utf8mb4_0900_ai_ci NULL DEFAULT 'views/gen/demo' COMMENT '页面路径',
  `package_name` varchar(150) CHARACTER SET utf8mb4 COLLATE utf8mb4_0900_ai_ci NOT NULL DEFAULT 'com.initsrc.biz' COMMENT '包名路径',
  `module_name` varchar(200) CHARACTER SET utf8mb4 COLLATE utf8mb4_0900_ai_ci NOT NULL DEFAULT 'system' COMMENT '模块名称',
  `biz_name` varchar(150) CHARACTER SET utf8mb4 COLLATE utf8mb4_0900_ai_ci NOT NULL COMMENT '业务名称',
  `function_name` varchar(150) CHARACTER SET utf8mb4 COLLATE utf8mb4_0900_ai_ci NOT NULL COMMENT '功能名称',
  `gen_author` varchar(150) CHARACTER SET utf8mb4 COLLATE utf8mb4_0900_ai_ci NOT NULL DEFAULT '启源（INITSRC）' COMMENT '作者名称',
  `sub_table_id` bigint(20) NULL DEFAULT NULL COMMENT '子关联表id',
  `sub_key` bigint(20) NULL DEFAULT NULL COMMENT '子关联表key',
  `vue_table_type` tinyint(4) NULL DEFAULT 1 COMMENT '列表页类型 1：正常列表 2：左侧列表',
  `column_key` varchar(150) CHARACTER SET utf8mb4 COLLATE utf8mb4_0900_ai_ci NULL DEFAULT NULL COMMENT '左侧关联字段',
  `vue_edit_type` tinyint(4) NULL DEFAULT 1 COMMENT '编辑页面类型 （1：弹窗 2：抽屉 3：新页面）',
  `vue_detail_type` tinyint(4) NULL DEFAULT 1 COMMENT '详情页面类型 （1：弹窗 2：抽屉 3：新页面）',
  `perm_id` varchar(32) CHARACTER SET utf8mb4 COLLATE utf8mb4_0900_ai_ci NULL DEFAULT '0' COMMENT '菜单父类ID',
  `dr` tinyint(4) NULL DEFAULT 1 COMMENT '删除标识 （0：删除 1：正常）',
  `version` int(11) NULL DEFAULT NULL COMMENT '幂等',
  `create_time` datetime(0) NULL DEFAULT NULL COMMENT '创建时间',
  `update_time` datetime(0) NULL DEFAULT NULL COMMENT '更新时间',
  `create_by` varchar(150) CHARACTER SET utf8mb4 COLLATE utf8mb4_general_ci NULL DEFAULT NULL COMMENT '创建人',
  `update_by` varchar(150) CHARACTER SET utf8mb4 COLLATE utf8mb4_general_ci NULL DEFAULT NULL COMMENT '更新人',
  PRIMARY KEY (`table_id`) USING BTREE
) ENGINE = InnoDB CHARACTER SET = utf8mb4 COLLATE = utf8mb4_0900_ai_ci COMMENT = '数据库表' ROW_FORMAT = Dynamic;

-- ----------------------------
-- Records of is_dev_table
-- ----------------------------
INSERT INTO `is_dev_table` VALUES (1391374279630344194, 'is_dev_table', '数据库表', 'DevTable', 1, NULL, 1, 0, 'views/gen/demo', 'com.initsrc.generator', 'dev', 'table', '数据库', '启源（INITSRC）', 1391374315428728834, 1391393973632413698, 1, NULL, 3, 3, '0', 1, NULL, '2021-05-09 22:06:10', NULL, '1', NULL);
INSERT INTO `is_dev_table` VALUES (1391374315428728834, 'is_dev_column', '字段表', 'isDevColumn', 1, NULL, 0, 0, 'views/gen/demo', 'com.initsrc.biz', 'system', 'isDevColumn', '字段表', '启源（INITSRC）', NULL, NULL, 1, NULL, 3, 3, '0', 1, NULL, '2021-05-09 22:06:12', NULL, '1', NULL);
INSERT INTO `is_dev_table` VALUES (1392777452286808065, 'is_sys_perm', '权限表', 'SysPerm', 2, 'parent_id', 0, 0, 'views/system/perm', 'com.initsrc.admin', 'system', 'perm', '菜单', '启源（INITSRC）', NULL, NULL, 2, 'parent_id', 1, 1, '2', 1, NULL, '2021-05-20 14:51:06', '2021-05-26 17:20:33', NULL, '1');
INSERT INTO `is_dev_table` VALUES (1393980403751776257, 'is_sys_role', '角色表', 'SysRole', 1, NULL, 0, 0, 'views/system/role', 'com.initsrc.admin', 'system', 'role', '角色', '启源（INITSRC）', NULL, NULL, 1, NULL, 3, 1, '2', 1, NULL, '2021-05-20 14:51:09', '2021-05-28 14:57:26', NULL, '1');
INSERT INTO `is_dev_table` VALUES (1395268313621942273, 'is_sys_user', '用户表', 'SysUser', 1, NULL, 0, 0, 'views/system/user', 'com.initsrc.admin', 'system', 'user', '用户', '启源（INITSRC）', NULL, NULL, 2, 'dept_id', 3, 1, '2', 1, NULL, '2021-05-20 14:51:12', '2021-05-28 18:08:23', NULL, '1');
INSERT INTO `is_dev_table` VALUES (1395276004591271937, 'is_sys_dept', '部门表', 'SysDept', 2, 'parent_id', 0, 0, 'views/system/dept', 'com.initsrc.admin', 'system', 'dept', '部门', '启源（INITSRC）', NULL, NULL, 2, 'parent_id', 1, 1, '2', 1, 0, '2021-05-20 15:11:37', '2021-06-02 03:46:04', '1', '1');
INSERT INTO `is_dev_table` VALUES (1395284042261954562, 'is_sys_dict', '字典表', 'SysDict', 1, NULL, 0, 0, 'views/system/dict', 'com.initsrc.admin', 'system', 'dict', '字典表', '启源（INITSRC）', NULL, NULL, 1, NULL, 1, 1, '0', 1, 0, '2021-05-20 15:43:33', '2021-05-20 15:45:39', '1', '1');
INSERT INTO `is_dev_table` VALUES (1398162796767293442, 'is_sys_user_role', '用户角色关联表', 'SysUserRole', 1, NULL, 0, 0, 'views/gen/demo', 'com.initsrc.biz', 'system', 'role', '用户角色关联表', '启源（INITSRC）', NULL, NULL, 1, NULL, 1, 1, '0', 1, 0, '2021-05-28 14:22:42', '2021-05-28 18:39:31', '1', '1');
INSERT INTO `is_dev_table` VALUES (1398177134911574017, 'is_sys_role_perm', '角色权限表', 'isSysRolePerm', 1, NULL, 0, 0, 'views/gen/demo', 'com.initsrc.biz', 'system', 'isSysRolePerm', '角色权限表', '启源（INITSRC）', NULL, NULL, 1, NULL, 1, 1, '0', 1, 0, '2021-05-28 15:19:41', NULL, '1', NULL);
INSERT INTO `is_dev_table` VALUES (1399284804938801153, 'is_sys_log', '系统操作日志', 'SysLog', 1, NULL, 0, 0, 'views/system/log', 'com.initsrc.admin', 'system', 'log', '操作日志', '启源（INITSRC）', NULL, NULL, 1, NULL, 3, 1, '1398277869623967745', 1, 0, '2021-05-31 16:41:10', '2021-05-31 17:07:23', '1', '1');
INSERT INTO `is_dev_table` VALUES (1399974441046929409, 'is_sys_notice', '通知公告', 'SysNotice', 1, NULL, 0, 0, 'views/system/notice', 'com.initsrc.admin', 'system', 'notice', '通知公告', '启源（INITSRC）', NULL, NULL, 1, NULL, 3, 1, '1398276917466628097', 1, 0, '2021-06-02 14:21:32', '2021-06-02 14:23:09', '1398292631032303618', '1398292631032303618');

-- ----------------------------
-- Table structure for is_sys_dept
-- ----------------------------
DROP TABLE IF EXISTS `is_sys_dept`;
CREATE TABLE `is_sys_dept`  (
  `dept_id` bigint(20) NOT NULL COMMENT '部门主键',
  `parent_id` bigint(20) NOT NULL COMMENT '上级部门',
  `code` varchar(32) CHARACTER SET utf8mb4 COLLATE utf8mb4_0900_ai_ci NOT NULL COMMENT '部门编号',
  `name` varchar(32) CHARACTER SET utf8mb4 COLLATE utf8mb4_0900_ai_ci NOT NULL COMMENT '部门名称',
  `link_man` varchar(32) CHARACTER SET utf8mb4 COLLATE utf8mb4_0900_ai_ci NULL DEFAULT NULL COMMENT '负责人',
  `link_mobile` char(11) CHARACTER SET utf8mb4 COLLATE utf8mb4_0900_ai_ci NULL DEFAULT NULL COMMENT '联系电话',
  `sort` int(11) NULL DEFAULT 0 COMMENT '排序',
  `status` tinyint(4) NOT NULL DEFAULT 1 COMMENT '状态（0：停用 1：正常）',
  `search_code` text CHARACTER SET utf8mb4 COLLATE utf8mb4_0900_ai_ci NULL COMMENT '搜索编码',
  `dr` tinyint(4) NULL DEFAULT 1 COMMENT '删除标识 （0：正常 1：删除）',
  `version` int(11) NULL DEFAULT NULL COMMENT '幂等',
  `create_time` datetime(0) NULL DEFAULT NULL COMMENT '创建时间',
  `update_time` datetime(0) NULL DEFAULT NULL COMMENT '更新时间',
  `create_by` varchar(150) CHARACTER SET utf8mb4 COLLATE utf8mb4_general_ci NULL DEFAULT NULL COMMENT '创建人',
  `update_by` varchar(150) CHARACTER SET utf8mb4 COLLATE utf8mb4_general_ci NULL DEFAULT NULL COMMENT '更新人',
  PRIMARY KEY (`dept_id`) USING BTREE
) ENGINE = InnoDB CHARACTER SET = utf8mb4 COLLATE = utf8mb4_0900_ai_ci COMMENT = '部门表' ROW_FORMAT = Dynamic;

-- ----------------------------
-- Records of is_sys_dept
-- ----------------------------
INSERT INTO `is_sys_dept` VALUES (1, 0, '001', '启源科技', '大神很烦恼', '13333333333', 0, 1, '1', 1, NULL, NULL, '2021-06-02 03:38:48', NULL, '1');
INSERT INTO `is_sys_dept` VALUES (2, 1, '002', '总裁办', '大神很烦恼', '16666666666', 1, 1, '1,2', 1, NULL, NULL, '2021-06-02 03:38:51', NULL, '1');
INSERT INTO `is_sys_dept` VALUES (1399815054500225026, 1, '003', '人事部', '启源', '13333333333', 2, 1, '1,null', 1, 0, '2021-06-02 03:48:11', NULL, '1', NULL);
INSERT INTO `is_sys_dept` VALUES (1399815135865528322, 1, '004', '技术部', '启源', '13333333333', 3, 1, '1,1399815135865528322', 1, 1, '2021-06-02 03:48:30', '2021-06-02 03:48:48', '1', '1');

-- ----------------------------
-- Table structure for is_sys_dict
-- ----------------------------
DROP TABLE IF EXISTS `is_sys_dict`;
CREATE TABLE `is_sys_dict`  (
  `dict_id` bigint(20) NOT NULL COMMENT '字典主键',
  `dict_key` varchar(150) CHARACTER SET utf8mb4 COLLATE utf8mb4_0900_ai_ci NULL DEFAULT NULL COMMENT '字典key',
  `type` tinyint(4) NULL DEFAULT NULL COMMENT '类型：（1：文本  2：数组 3：文件）',
  `value` mediumtext CHARACTER SET utf8mb4 COLLATE utf8mb4_0900_ai_ci NULL COMMENT '字典值',
  `des` varchar(255) CHARACTER SET utf8mb4 COLLATE utf8mb4_general_ci NULL DEFAULT NULL COMMENT '配置描述',
  `dr` tinyint(4) NULL DEFAULT 1 COMMENT '删除标识 （0：删除 1：正常）',
  `version` int(11) NULL DEFAULT NULL COMMENT '幂等',
  `create_time` datetime(0) NULL DEFAULT NULL COMMENT '创建时间',
  `update_time` datetime(0) NULL DEFAULT NULL COMMENT '更新时间',
  `create_by` varchar(150) CHARACTER SET utf8mb4 COLLATE utf8mb4_general_ci NULL DEFAULT NULL COMMENT '创建人',
  `update_by` varchar(150) CHARACTER SET utf8mb4 COLLATE utf8mb4_general_ci NULL DEFAULT NULL COMMENT '更新人',
  PRIMARY KEY (`dict_id`) USING BTREE
) ENGINE = InnoDB CHARACTER SET = utf8mb4 COLLATE = utf8mb4_0900_ai_ci COMMENT = '字典表' ROW_FORMAT = Dynamic;

-- ----------------------------
-- Records of is_sys_dict
-- ----------------------------
INSERT INTO `is_sys_dict` VALUES (1, 'dictType', 2, '[{\"key\":\"1\",\"label\":\"文本\"},{\"key\":\"2\",\"label\":\"数组\"}]', '字典类型', 1, 0, '2021-02-18 11:14:24', NULL, NULL, NULL);
INSERT INTO `is_sys_dict` VALUES (2, 'isTrueType', 2, '[{\"key\":\"0\",\"label\":\"否\"},{\"key\":\"1\",\"label\":\"是\"}]', '是否类型', 1, NULL, NULL, NULL, NULL, NULL);
INSERT INTO `is_sys_dict` VALUES (1364112564285374465, 'permResourceType', 2, '[{\"key\":\"0\",\"label\":\"菜单\"},{\"key\":\"1\",\"label\":\"按钮\"},{\"key\":\"2\",\"label\":\"表格按钮\"}]', '菜单权限资源类型', 1, 0, '2021-02-23 15:19:14', '2021-03-11 11:22:02', '1', '1');
INSERT INTO `is_sys_dict` VALUES (1364117752555536386, 'permLinkType', 2, '[{\"key\":\"0\",\"label\":\"正常\"},{\"key\":\"1\",\"label\":\"满屏\"},{\"key\":\"2\",\"label\":\"外链\"}]', '菜单权限链接类型 （0：正常 1：满屏 2：外链）', 1, 0, '2021-02-23 15:39:51', NULL, '1', NULL);
INSERT INTO `is_sys_dict` VALUES (1373111938086273025, 'statusType', 2, '[{\"key\":\"1\",\"label\":\"启用\"},{\"key\":\"0\",\"label\":\"禁用\"}]', '状态', 1, 1, '2021-03-20 11:19:32', '2021-06-02 03:30:05', '1', '1');
INSERT INTO `is_sys_dict` VALUES (1373126504534904833, 'sexType', 2, '[{\"key\":\"0\",\"label\":\"男\"},{\"key\":\"1\",\"label\":\"女\"}]', '性别类型（0：男 1：女）', 1, 0, '2021-03-20 12:17:25', NULL, '1', NULL);
INSERT INTO `is_sys_dict` VALUES (1373159492534550530, 'permColorType', 2, '[{\"key\":\"text\",\"label\":\"默认\"},{\"key\":\"primary\",\"label\":\"主要\"},{\"key\":\"success\",\"label\":\"成功\"},{\"key\":\"info\",\"label\":\"信息\"},{\"key\":\"warning\",\"label\":\"警告\"},{\"key\":\"danger\",\"label\":\"危险\"}]', '按钮类型和颜色', 1, 0, '2021-03-20 14:28:30', NULL, '1', NULL);
INSERT INTO `is_sys_dict` VALUES (1373161636939579393, 'iconList', 2, '[{\"key\":\"initsrc-icon iconshuru\",\"label\":\"新增\"},{\"key\":\"initsrc-icon iconshanchu\",\"label\":\"删除\"},{\"key\":\"initsrc-icon icondaochu\",\"label\":\"导出\"},{\"key\":\"initsrc-icon icondaoru\",\"label\":\"导入\"},{\"key\":\"el-icon-s-tools\",\"label\":\"设置\"},{\"key\":\"el-icon-s-promotion\",\"label\":\"开发\"},{\"key\":\"el-icon-video-camera-solid\",\"label\":\"监控\"},{\"key\":\"el-icon-menu\",\"label\":\"基础\"},{\"key\":\"el-icon-s-home\",\"label\":\"首页\"},{\"key\":\"el-icon-s-goods\",\"label\":\"订单中心\"}]', '图标库', 1, 1, '2021-03-20 14:37:01', '2021-05-26 18:33:38', '1', '1');
INSERT INTO `is_sys_dict` VALUES (1397502022818340865, 'ruleCommon', 2, '[{\"key\":\"checkPositiveInteger\",\"label\":\"正整数正则\"},{\"key\":\"checkMoney\",\"label\":\"金额正则\"},{\"key\":\"checkMobile\",\"label\":\"手机号正则\"},{\"key\":\"checkerPassword\",\"label\":\"密码正则\"},{\"key\":\"checkEmail\",\"label\":\"邮箱正则\"},{\"key\":\"checkCar\",\"label\":\"车牌正则\"}]', '正则表达式', 1, 0, '2021-05-26 18:37:01', NULL, '1', NULL);
INSERT INTO `is_sys_dict` VALUES (1398168077182119938, 'isSearchType', 2, '[{\"key\":\"0\",\"label\":\"全部数据权限\"},{\"key\":\"1\",\"label\":\"自定义部门数据权限\"},{\"key\":\"2\",\"label\":\"本部门及以下数据权限\"},{\"key\":\"3\",\"label\":\"本部门数据权限\"}]', '权限类型', 1, 0, '2021-05-28 14:43:41', NULL, '1', NULL);
INSERT INTO `is_sys_dict` VALUES (1399290442553131009, 'sysLogType', 2, '[{\"key\":\"1\",\"label\":\"登录\"},{\"key\":\"2\",\"label\":\"查询\"},{\"key\":\"3\",\"label\":\"新增\"},{\"key\":\"4\",\"label\":\"编辑\"},{\"key\":\"5\",\"label\":\"删除\"},{\"key\":\"6\",\"label\":\"导入\"},{\"key\":\"7\",\"label\":\"导出\"},{\"key\":\"8\",\"label\":\"生成代码\"}]', '系统操作日志类型', 1, 0, '2021-05-31 17:03:34', NULL, '1', NULL);
INSERT INTO `is_sys_dict` VALUES (1399290769851449346, 'sysLogStatus', 2, '[{\"key\":\"0\",\"label\":\"异常\"},{\"key\":\"1\",\"label\":\"成功\"}]', '操作状态类型', 1, 0, '2021-05-31 17:04:52', NULL, '1', NULL);
INSERT INTO `is_sys_dict` VALUES (1399291317145206785, 'platformType', 2, '[{\"key\":\"0\",\"label\":\"管理端\"},{\"key\":\"1\",\"label\":\"PC端\"},{\"key\":\"2\",\"label\":\"安卓端\"},{\"key\":\"3\",\"label\":\"IOS端\"},{\"key\":\"4\",\"label\":\"H5端\"},{\"key\":\"5\",\"label\":\"小程序端\"}]', '设备类型', 1, 0, '2021-05-31 17:07:02', NULL, '1', NULL);

-- ----------------------------
-- Table structure for is_sys_log
-- ----------------------------
DROP TABLE IF EXISTS `is_sys_log`;
CREATE TABLE `is_sys_log`  (
  `log_id` bigint(20) NOT NULL COMMENT '主键',
  `user_id` bigint(20) NULL DEFAULT NULL COMMENT '用户ID',
  `title` varchar(50) CHARACTER SET utf8mb4 COLLATE utf8mb4_0900_ai_ci NULL DEFAULT NULL COMMENT '模块标题',
  `biz_type` tinyint(4) NULL DEFAULT NULL COMMENT '日志类型（1：登录 2：查询 3：新增 4：编辑 5：删除 6：导入 7：导出 8：生成代码）',
  `method` varchar(255) CHARACTER SET utf8mb4 COLLATE utf8mb4_0900_ai_ci NULL DEFAULT NULL COMMENT '访问方法名',
  `request_type` varchar(20) CHARACTER SET utf8mb4 COLLATE utf8mb4_0900_ai_ci NULL DEFAULT NULL COMMENT '请求方式',
  `platform_type` tinyint(4) NULL DEFAULT NULL COMMENT '设备类型 （0：管理端 1：PC端  2：安卓端 3：IOS端 4：H5端 5：小程序端）',
  `request_name` varchar(255) CHARACTER SET utf8mb4 COLLATE utf8mb4_0900_ai_ci NULL DEFAULT NULL COMMENT '请求用户名',
  `request_url` varchar(255) CHARACTER SET utf8mb4 COLLATE utf8mb4_0900_ai_ci NULL DEFAULT NULL COMMENT '请求路径',
  `request_ip` varchar(50) CHARACTER SET utf8mb4 COLLATE utf8mb4_0900_ai_ci NULL DEFAULT NULL COMMENT '请求IP',
  `request_adress` varchar(255) CHARACTER SET utf8mb4 COLLATE utf8mb4_0900_ai_ci NULL DEFAULT NULL COMMENT '请求地址',
  `request_param` text CHARACTER SET utf8mb4 COLLATE utf8mb4_0900_ai_ci NULL COMMENT '请求参数',
  `request_result` longtext CHARACTER SET utf8mb4 COLLATE utf8mb4_0900_ai_ci NULL COMMENT '请求响应数据',
  `status` tinyint(4) NULL DEFAULT 1 COMMENT '请求状态 0：异常 1：正常',
  `error_msg` varchar(255) CHARACTER SET utf8mb4 COLLATE utf8mb4_0900_ai_ci NULL DEFAULT NULL COMMENT '错误提示',
  `browser` varchar(255) CHARACTER SET utf8mb4 COLLATE utf8mb4_0900_ai_ci NULL DEFAULT NULL COMMENT '浏览器类型',
  `os` varchar(255) CHARACTER SET utf8mb4 COLLATE utf8mb4_0900_ai_ci NULL DEFAULT NULL COMMENT '操作系统',
  `dr` tinyint(4) NULL DEFAULT 1 COMMENT '删除标识 （0：正常 1：删除）',
  `version` int(11) NULL DEFAULT NULL COMMENT '幂等',
  `create_time` datetime(0) NULL DEFAULT NULL COMMENT '创建时间',
  `update_time` datetime(0) NULL DEFAULT NULL COMMENT '更新时间',
  `create_by` varchar(150) CHARACTER SET utf8mb4 COLLATE utf8mb4_general_ci NULL DEFAULT NULL COMMENT '创建人',
  `update_by` varchar(150) CHARACTER SET utf8mb4 COLLATE utf8mb4_general_ci NULL DEFAULT NULL COMMENT '更新人',
  PRIMARY KEY (`log_id`) USING BTREE
) ENGINE = InnoDB CHARACTER SET = utf8mb4 COLLATE = utf8mb4_0900_ai_ci COMMENT = '系统操作日志' ROW_FORMAT = Dynamic;

-- ----------------------------
-- Records of is_sys_log
-- ----------------------------

-- ----------------------------
-- Table structure for is_sys_notice
-- ----------------------------
DROP TABLE IF EXISTS `is_sys_notice`;
CREATE TABLE `is_sys_notice`  (
  `notice_id` bigint(20) NOT NULL COMMENT '主键',
  `title` varchar(150) CHARACTER SET utf8mb4 COLLATE utf8mb4_0900_ai_ci NULL DEFAULT NULL COMMENT '公告标题',
  `content` longtext CHARACTER SET utf8mb4 COLLATE utf8mb4_0900_ai_ci NULL COMMENT '公告内容',
  `status` tinyint(4) NULL DEFAULT 1 COMMENT '公告状态（1正常 0关闭）',
  `dr` tinyint(4) NULL DEFAULT 1 COMMENT '删除标识 （0：删除 1：正常）',
  `version` int(11) NULL DEFAULT NULL COMMENT '幂等',
  `create_time` datetime(0) NULL DEFAULT NULL COMMENT '创建时间',
  `update_time` datetime(0) NULL DEFAULT NULL COMMENT '更新时间',
  `create_by` varchar(150) CHARACTER SET utf8mb4 COLLATE utf8mb4_general_ci NULL DEFAULT NULL COMMENT '创建人',
  `update_by` varchar(150) CHARACTER SET utf8mb4 COLLATE utf8mb4_general_ci NULL DEFAULT NULL COMMENT '更新人',
  PRIMARY KEY (`notice_id`) USING BTREE
) ENGINE = InnoDB CHARACTER SET = utf8mb4 COLLATE = utf8mb4_0900_ai_ci COMMENT = '通知公告' ROW_FORMAT = Dynamic;

-- ----------------------------
-- Records of is_sys_notice
-- ----------------------------
INSERT INTO `is_sys_notice` VALUES (1399977075954851842, 'INITSRC介绍', '<article class=\"markdown-section\" id=\"main\"><h1 id=\"介绍\"><a href=\"#/document/main?id=%e4%bb%8b%e7%bb%8d\" data-id=\"介绍\" class=\"anchor\"><span>介绍</span></a></h1><p><strong></strong></p><center><strong><font size=\"5\" face=\"黑体\">INITSRC（启源）</font></strong></center><p>INITSRC是一款面向个人、中小企业快速开发的开源前后端管理项目。用户可以基于该项目进行网站管理后台、商城、OA等开发和学习。该项目后台基于Springboot+Mybaits-plus+Shiro+Jwt等技术来实现；前端基于Vue+Router+Vuex+Axios等技术来实现。</p><h1 id=\"项目演示\"><a href=\"#/document/main?id=%e9%a1%b9%e7%9b%ae%e6%bc%94%e7%a4%ba\" data-id=\"项目演示\" class=\"anchor\"><span>项目演示</span></a></h1><ul><li>项目地址：<a href=\"http://admin.initsrc.com\" target=\"_blank\" rel=\"noopener\">http://admin.initsrc.com</a></li><li>账号密码：initsrc/a123456</li></ul><h1 id=\"联系我们\"><a href=\"#/document/main?id=%e8%81%94%e7%b3%bb%e6%88%91%e4%bb%ac\" data-id=\"联系我们\" class=\"anchor\"><span>联系我们</span></a></h1><p>QQ技术交流群： 298264032</p><h1 id=\"备注\"><a href=\"#/document/main?id=%e5%a4%87%e6%b3%a8\" data-id=\"备注\" class=\"anchor\"><span>备注</span></a></h1><p>承接各类软件开发，小程序、公众号、APP。有意向的联系微信：MISTAKEAI</p><h1 id=\"技术介绍与部署\"><a href=\"#/document/main?id=%e6%8a%80%e6%9c%af%e4%bb%8b%e7%bb%8d%e4%b8%8e%e9%83%a8%e7%bd%b2\" data-id=\"技术介绍与部署\" class=\"anchor\"><span>技术介绍与部署</span></a></h1><h1 id=\"一、-技术介绍\"><a href=\"#/document/main?id=%e4%b8%80%e3%80%81-%e6%8a%80%e6%9c%af%e4%bb%8b%e7%bb%8d\" data-id=\"一、-技术介绍\" class=\"anchor\"><span>一、 技术介绍</span></a></h1><h2 id=\"应用环境\"><a href=\"#/document/main?id=%e5%ba%94%e7%94%a8%e7%8e%af%e5%a2%83\" data-id=\"应用环境\" class=\"anchor\"><span>应用环境</span></a></h2><ol><li>JDK 1.8</li><li>Apache Maven</li><li>Servlet </li><li>MYSQL8.0</li><li>REDIS5.0</li></ol><h2 id=\"后端结构\"><a href=\"#/document/main?id=%e5%90%8e%e7%ab%af%e7%bb%93%e6%9e%84\" data-id=\"后端结构\" class=\"anchor\"><span>后端结构</span></a></h2><pre v-pre=\"\" data-lang=\"\"><code class=\"lang-\">initsrc    \n├── initsrc-admin             // 后台管理端服务\n│       └── module                         // 接口模块\n│             └── controller               // 控制层\n│             └── dao                      // 接口层\n│             └── entity                   // 实体层\n│             └── service                  // 实现层\n├── initsrc-base              // 项目启动、properties总配置\n├── initsrc-common            // 工具类\n│       └── annotation                    // 自定义注解\n│       └── base                          // 底层实体类\n│       └── constant                      // 通用常量\n│       └── controller                    // 工具类接口\n│       └── enums                         // 通用枚举\n│       └── exception                     // 通用异常\n│       └── plugin                        // 第三方插件（redis、OSS）\n│       └── util                          // 通用类处理\n├── core                     // 框架核心\n│       └── aspects                       // 注解实现\n│       └── biz                           // 系统业务层\n│       └── filter                        // 系统过滤层\n│       └── module                        // 系统依赖模块（shiro、mybaits-plus）\n├── initsrc-devtool         // 开发工具（不用可移除）\n├── initsrc-monitor         // 系统监控（不用可移除）\n├── initsrc-xxxxxx          // 其他模块</code></pre><h2 id=\"前端结构\"><a href=\"#/document/main?id=%e5%89%8d%e7%ab%af%e7%bb%93%e6%9e%84\" data-id=\"前端结构\" class=\"anchor\"><span>前端结构</span></a></h2><pre v-pre=\"\" data-lang=\"\"><code class=\"lang-\">initsrc-web    \n├── src           \n│    └── api                         // axios接口封装\n│    └── assets                      // js、img、css\n│    └── components                  // 自定义组件\n│    └── layout                      // 页面布局\n│    └── plugins                     // 第三方组件、自定义组件注册\n│    └── router                      // 路由控制\n│    └── store                       // vuex临时存储控制\n│    └── views                       // 业务页面管理</code></pre><h2 id=\"后端技术选型\"><a href=\"#/document/main?id=%e5%90%8e%e7%ab%af%e6%8a%80%e6%9c%af%e9%80%89%e5%9e%8b\" data-id=\"后端技术选型\" class=\"anchor\"><span>后端技术选型</span></a></h2><table>\n<thead>\n<tr>\n<th>技术</th>\n<th>版本</th>\n<th>说明</th>\n</tr>\n</thead>\n<tbody><tr>\n<td>Spring Boot</td>\n<td>2.3.0.RELEASE</td>\n<td>容器+MVC框架</td>\n</tr>\n<tr>\n<td>Shiro</td>\n<td>1.4.0</td>\n<td>认证和授权框架</td>\n</tr>\n<tr>\n<td>JWT</td>\n<td>3.3.0</td>\n<td>无状态认证协议</td>\n</tr>\n<tr>\n<td>MyBatis-plus</td>\n<td>3.3.2</td>\n<td>ORM框架</td>\n</tr>\n<tr>\n<td>Freemarker</td>\n<td>2.3.28</td>\n<td>代码生成引擎</td>\n</tr>\n<tr>\n<td>Springfox-Swagger2</td>\n<td>2.9.2</td>\n<td>API文档管理</td>\n</tr>\n<tr>\n<td>Redis</td>\n<td>5.0</td>\n<td>分布式缓存</td>\n</tr>\n<tr>\n<td>Druid</td>\n<td>1.1.10</td>\n<td>数据库连接池</td>\n</tr>\n<tr>\n<td>Lombok</td>\n<td>1.18.6</td>\n<td>简化对象封装工具</td>\n</tr>\n<tr>\n<td>Oshi-Core</td>\n<td>3.9.1</td>\n<td>获取应用服务信息</td>\n</tr>\n<tr>\n<td>P6spy</td>\n<td>3.8.0</td>\n<td>针对数据库访问操作的动态监测框架</td>\n</tr>\n</tbody></table>\n<h2 id=\"前端技术选型\"><a href=\"#/document/main?id=%e5%89%8d%e7%ab%af%e6%8a%80%e6%9c%af%e9%80%89%e5%9e%8b\" data-id=\"前端技术选型\" class=\"anchor\"><span>前端技术选型</span></a></h2><table>\n<thead>\n<tr>\n<th>技术</th>\n<th>版本</th>\n<th>说明</th>\n</tr>\n</thead>\n<tbody><tr>\n<td>Vue</td>\n<td>2.6.11</td>\n<td>一套用于构建用户界面的渐进式框架</td>\n</tr>\n<tr>\n<td>vue-router</td>\n<td>3.2.0</td>\n<td>路由管理器</td>\n</tr>\n<tr>\n<td>vuex</td>\n<td>3.4.0</td>\n<td>状态管理模式</td>\n</tr>\n<tr>\n<td>Element-ui</td>\n<td>2.14.1</td>\n<td>前端UI库</td>\n</tr>\n<tr>\n<td>Axios</td>\n<td>0.21.1</td>\n<td>一个基于 promise 的 HTTP 库</td>\n</tr>\n<tr>\n<td>vue-apexcharts</td>\n<td>1.6.0</td>\n<td>统计视图库</td>\n</tr>\n<tr>\n<td>Xterm</td>\n<td>4.12.0</td>\n<td>终端模拟器</td>\n</tr>\n<tr>\n<td>@riophae/vue-treeselect</td>\n<td>0.4.0</td>\n<td>树形选择器</td>\n</tr>\n</tbody></table>\n<h2 id=\"内置功能\"><a href=\"#/document/main?id=%e5%86%85%e7%bd%ae%e5%8a%9f%e8%83%bd\" data-id=\"内置功能\" class=\"anchor\"><span>内置功能</span></a></h2><ul><li>用户管理：实现增删改查、权限角色进行项目的登录与使用</li><li>角色管理：实现增删改查、权限赋予、查询限制进行权限控制</li><li>菜单管理：实现增删改查、赋予接口对应权限进行前后端接口管控</li><li>部门管理：实现增删改查、权限控制源头，可定义查询分级</li><li>通知公告：实现增删改查、系统通知公告</li><li>字典管理：实现增删改查、自定义配置数组、文本、链接等系统参数</li><li>操作日志：实现用户各种操作行为记录，系统追踪用户行为、异常等信息</li><li>代码生成：前后端代码的生成（java、vue、xml、sql)</li><li>系统接口：根据后端Swagger2生成的API管理系统</li><li>终端控制：根据xterm和后端websocket+ssh技术进行控制liunx服务器</li><li>服务监控：检测项目服务器、内存、CPU、硬盘等实时信息</li><li>数据监控：检测数据库连接池状态、SQL分析等信息</li><li>缓存监控：针对系统缓存信息的监控</li><li>示例演示: 针对前端的各种表格呈现的DEMO</li></ul><h2 id=\"配置文件\"><a href=\"#/document/main?id=%e9%85%8d%e7%bd%ae%e6%96%87%e4%bb%b6\" data-id=\"配置文件\" class=\"anchor\"><span>配置文件</span></a></h2><ul><li>application.properties 配置</li></ul><pre v-pre=\"\" data-lang=\"\"><code class=\"lang-\">spring.application.name=InitSrc\n#banner\nspring.banner.location=classpath:banner/banner.txt\nspring.jmx.enabled=false\nspring.profiles.active=dev\n\nserver.port=8520\n\n#logging\nlogging.config=classpath:logback/logback-spring.xml\n</code></pre><ul><li><p>application-dev.yml 配置</p><pre v-pre=\"\" data-lang=\"\"><code class=\"lang-\">spring:\n#redis配置\nredis:\n  database: 0\n  host: 127.0.0.1\n  password:\n  port: 6379\n  jedis:\n    pool:\n      max-active: 50\n      max-idle: 8\n      min-idle: 0\n#数据源\nautoconfigure:\n  exclude: com.alibaba.druid.spring.boot.autoconfigure.DruidDataSourceAutoConfigure\ndatasource:\n  druid:\n    stat-view-servlet:\n      loginUsername: admin\n      loginPassword: 123456\n  dynamic:\n    p6spy: true\n    primary: master\n    initial-size: 5\n    max-active: 20\n    min-idle: 5\n    max-wait: 60000\n    min-evictable-idle-time-millis: 30000\n    max-evictable-idle-time-millis: 30000\n    time-between-eviction-runs-millis: 0\n    validation-query: select 1\n    validation-query-timeout: -1\n    test-on-borrow: false\n    test-on-return: false\n    test-while-idle: true\n    pool-prepared-statements: true\n    max-open-prepared-statements: 100\n    filters: stat,wall\n    share-prepared-statements: true\n    datasource:\n      master:\n        username: initsrc\n        password: initsrc123\n        driver-class-name: com.mysql.cj.jdbc.Driver\n        url: jdbc:mysql://127.0.0.1:3306/initsrc?zeroDateTimeBehavior=convertToNull&amp;useUnicode=true&amp;characterEncoding=utf-8&amp;useSSL=false&amp;serverTimezone=GMT%2B8\n#        slave_1:\n#          userName:\n#          password:\n#          driver-class-name: com.mysql.cj.jdbc.Driver\n#          url: jdbc:mysql://?zeroDateTimeBehavior=convertToNull&amp;useUnicode=true&amp;characterEncoding=utf-8&amp;useSSL=false&amp;serverTimezone=GMT%2B8\n#          druid: #以下均为默认值\n#            initial-size: 3\n#            max-active: 8\n#            min-idle: 2\n#            max-wait: -1\n#            min-evictable-idle-time-millis: 30000\n#            max-evictable-idle-time-millis: 30000\n#            time-between-eviction-runs-millis: 0\n#            validation-query: select 1\n#            validation-query-timeout: -1\n#            test-on-borrow: false\n#            test-on-return: false\n#            test-while-idle: true\n#            pool-prepared-statements: true\n#            max-open-prepared-statements: 100\n#            filters: stat,wall\n#            share-prepared-statements: true\n#时间\njackson:\n  date-format: yyyy-MM-dd HH:mm:ss\n  time-zone: GMT+8\n  serialization:\n    write-dates-as-timestamps: true\n#mybatis-plus\nmybatis-plus:\nmapper-locations: classpath*:mappers/*/*.xml\ntypeAliasesPackage: com.initsrc.*.*.entity,com.initsrc.*.entity,    #实体扫描，多个package用逗号或者分号分隔\nglobal-config:\n  db-config:\n    logic-delete-value: 0  #逻辑删除值\n    logic-not-delete-value: 1  #逻辑不删除值\n    id-type: assign_id\nconfiguration:\n  map-underscore-to-camel-case: true  #驼峰命名\n  log-impl: org.apache.ibatis.logging.stdout.StdOutImpl\n#swagger\ninitsrc:\nswagger:\n  show: true\n  name: INITSRC\n  url: https://www.initsrc.com:8520/doc.html\n  email: 892500677@qq.com\n  title: INITSRC 系统管理 API\n  version: 1.0.0\n  contact: MISTAKEAI\n  license: license\n  licenseUrl: https://www.initsrc.com\n  description: 这是INITSRC的后台管理\n  termsOfServiceUrl: https://www.initsrc.com\nswagger:\nbasic:\n  enable: true\n  username: initsrc\n  password: initsrc123\n# 防止XSS攻击\nxss:\n# 过滤开关\nenabled: true\n# 排除链接（多个用逗号分隔）\nexcludes:\n# 匹配链接\nurlPatterns: /*</code></pre></li><li><p>logback-spring.xml 配置</p></li></ul><pre v-pre=\"\" data-lang=\"\"><code class=\"lang-\"><span class=\"token prolog\">&lt;?xml version=\"1.0\" encoding=\"UTF-8\"?&gt;</span>\n<span class=\"token comment\">&lt;!-- 日志级别从低到高分为TRACE &lt; DEBUG &lt; INFO &lt; WARN &lt; ERROR &lt; FATAL，如果设置为WARN，则低于WARN的信息都不会输出 --&gt;</span>\n<span class=\"token comment\">&lt;!-- scan:当此属性设置为true时，配置文件如果发生改变，将会被重新加载，默认值为true --&gt;</span>\n<span class=\"token comment\">&lt;!-- scanPeriod:设置监测配置文件是否有修改的时间间隔，如果没有给出时间单位，默认单位是毫秒。当scan为true时，此属性生效。默认的时间间隔为1分钟。 --&gt;</span>\n<span class=\"token comment\">&lt;!-- debug:当此属性设置为true时，将打印出logback内部日志信息，实时查看logback运行状态。默认值为false。 --&gt;</span>\n<span class=\"token tag\"><span class=\"token tag\"><span class=\"token punctuation\">&lt;</span>configuration</span> <span class=\"token attr-name\">scan</span><span class=\"token attr-value\"><span class=\"token punctuation attr-equals\">=</span><span class=\"token punctuation\">\"</span>true<span class=\"token punctuation\">\"</span></span> <span class=\"token attr-name\">scanPeriod</span><span class=\"token attr-value\"><span class=\"token punctuation attr-equals\">=</span><span class=\"token punctuation\">\"</span>10 seconds<span class=\"token punctuation\">\"</span></span><span class=\"token punctuation\">&gt;</span></span>\n    <span class=\"token tag\"><span class=\"token tag\"><span class=\"token punctuation\">&lt;</span>contextName</span><span class=\"token punctuation\">&gt;</span></span>logback<span class=\"token tag\"><span class=\"token tag\"><span class=\"token punctuation\">&lt;/</span>contextName</span><span class=\"token punctuation\">&gt;</span></span>\n    <span class=\"token comment\">&lt;!-- name的值是变量的名称，value的值时变量定义的值。通过定义的值会被插入到logger上下文中。定义变量后，可以使“${}”来使用变量。 --&gt;</span>\n    <span class=\"token tag\"><span class=\"token tag\"><span class=\"token punctuation\">&lt;</span>springProfile</span> <span class=\"token attr-name\">name</span><span class=\"token attr-value\"><span class=\"token punctuation attr-equals\">=</span><span class=\"token punctuation\">\"</span>prod<span class=\"token punctuation\">\"</span></span><span class=\"token punctuation\">&gt;</span></span>\n        <span class=\"token tag\"><span class=\"token tag\"><span class=\"token punctuation\">&lt;</span>property</span> <span class=\"token attr-name\">name</span><span class=\"token attr-value\"><span class=\"token punctuation attr-equals\">=</span><span class=\"token punctuation\">\"</span>LOG_PATH<span class=\"token punctuation\">\"</span></span> <span class=\"token attr-name\">value</span><span class=\"token attr-value\"><span class=\"token punctuation attr-equals\">=</span><span class=\"token punctuation\">\"</span>logs/prod<span class=\"token punctuation\">\"</span></span><span class=\"token punctuation\">/&gt;</span></span>\n    <span class=\"token tag\"><span class=\"token tag\"><span class=\"token punctuation\">&lt;/</span>springProfile</span><span class=\"token punctuation\">&gt;</span></span>\n\n    <span class=\"token tag\"><span class=\"token tag\"><span class=\"token punctuation\">&lt;</span>springProfile</span> <span class=\"token attr-name\">name</span><span class=\"token attr-value\"><span class=\"token punctuation attr-equals\">=</span><span class=\"token punctuation\">\"</span>dev<span class=\"token punctuation\">\"</span></span><span class=\"token punctuation\">&gt;</span></span>\n        <span class=\"token tag\"><span class=\"token tag\"><span class=\"token punctuation\">&lt;</span>property</span> <span class=\"token attr-name\">name</span><span class=\"token attr-value\"><span class=\"token punctuation attr-equals\">=</span><span class=\"token punctuation\">\"</span>LOG_PATH<span class=\"token punctuation\">\"</span></span> <span class=\"token attr-name\">value</span><span class=\"token attr-value\"><span class=\"token punctuation attr-equals\">=</span><span class=\"token punctuation\">\"</span>logs/dev<span class=\"token punctuation\">\"</span></span><span class=\"token punctuation\">/&gt;</span></span>\n    <span class=\"token tag\"><span class=\"token tag\"><span class=\"token punctuation\">&lt;/</span>springProfile</span><span class=\"token punctuation\">&gt;</span></span>\n\n    <span class=\"token tag\"><span class=\"token tag\"><span class=\"token punctuation\">&lt;</span>springProfile</span> <span class=\"token attr-name\">name</span><span class=\"token attr-value\"><span class=\"token punctuation attr-equals\">=</span><span class=\"token punctuation\">\"</span>test<span class=\"token punctuation\">\"</span></span><span class=\"token punctuation\">&gt;</span></span>\n        <span class=\"token tag\"><span class=\"token tag\"><span class=\"token punctuation\">&lt;</span>property</span> <span class=\"token attr-name\">name</span><span class=\"token attr-value\"><span class=\"token punctuation attr-equals\">=</span><span class=\"token punctuation\">\"</span>LOG_PATH<span class=\"token punctuation\">\"</span></span> <span class=\"token attr-name\">value</span><span class=\"token attr-value\"><span class=\"token punctuation attr-equals\">=</span><span class=\"token punctuation\">\"</span>logs/test<span class=\"token punctuation\">\"</span></span><span class=\"token punctuation\">/&gt;</span></span>\n    <span class=\"token tag\"><span class=\"token tag\"><span class=\"token punctuation\">&lt;/</span>springProfile</span><span class=\"token punctuation\">&gt;</span></span>\n\n    <span class=\"token comment\">&lt;!-- 彩色日志 --&gt;</span>\n    <span class=\"token comment\">&lt;!-- 彩色日志依赖的渲染类 --&gt;</span>\n    <span class=\"token tag\"><span class=\"token tag\"><span class=\"token punctuation\">&lt;</span>conversionRule</span> <span class=\"token attr-name\">conversionWord</span><span class=\"token attr-value\"><span class=\"token punctuation attr-equals\">=</span><span class=\"token punctuation\">\"</span>clr<span class=\"token punctuation\">\"</span></span> <span class=\"token attr-name\">converterClass</span><span class=\"token attr-value\"><span class=\"token punctuation attr-equals\">=</span><span class=\"token punctuation\">\"</span>org.springframework.boot.logging.logback.ColorConverter<span class=\"token punctuation\">\"</span></span><span class=\"token punctuation\">/&gt;</span></span>\n    <span class=\"token tag\"><span class=\"token tag\"><span class=\"token punctuation\">&lt;</span>conversionRule</span> <span class=\"token attr-name\">conversionWord</span><span class=\"token attr-value\"><span class=\"token punctuation attr-equals\">=</span><span class=\"token punctuation\">\"</span>wex<span class=\"token punctuation\">\"</span></span>\n                    <span class=\"token attr-name\">converterClass</span><span class=\"token attr-value\"><span class=\"token punctuation attr-equals\">=</span><span class=\"token punctuation\">\"</span>org.springframework.boot.logging.logback.WhitespaceThrowableProxyConverter<span class=\"token punctuation\">\"</span></span><span class=\"token punctuation\">/&gt;</span></span>\n    <span class=\"token tag\"><span class=\"token tag\"><span class=\"token punctuation\">&lt;</span>conversionRule</span> <span class=\"token attr-name\">conversionWord</span><span class=\"token attr-value\"><span class=\"token punctuation attr-equals\">=</span><span class=\"token punctuation\">\"</span>wEx<span class=\"token punctuation\">\"</span></span>\n                    <span class=\"token attr-name\">converterClass</span><span class=\"token attr-value\"><span class=\"token punctuation attr-equals\">=</span><span class=\"token punctuation\">\"</span>org.springframework.boot.logging.logback.ExtendedWhitespaceThrowableProxyConverter<span class=\"token punctuation\">\"</span></span><span class=\"token punctuation\">/&gt;</span></span>\n    <span class=\"token comment\">&lt;!-- 彩色日志格式 --&gt;</span>\n    <span class=\"token tag\"><span class=\"token tag\"><span class=\"token punctuation\">&lt;</span>property</span> <span class=\"token attr-name\">name</span><span class=\"token attr-value\"><span class=\"token punctuation attr-equals\">=</span><span class=\"token punctuation\">\"</span>CONSOLE_LOG_PATTERN<span class=\"token punctuation\">\"</span></span>\n              <span class=\"token attr-name\">value</span><span class=\"token attr-value\"><span class=\"token punctuation attr-equals\">=</span><span class=\"token punctuation\">\"</span>${CONSOLE_LOG_PATTERN:-%clr(%d{yyyy-MM-dd HH:mm:ss.SSS}){faint} %clr(${LOG_LEVEL_PATTERN:-%5p}) %clr(${PID:- }){magenta} %clr(---){faint} %clr([%15.15t]){faint} %clr(%-40.40logger{39}){cyan} %clr(:){faint} %m%n${LOG_EXCEPTION_CONVERSION_WORD:-%wEx}}<span class=\"token punctuation\">\"</span></span><span class=\"token punctuation\">/&gt;</span></span>\n\n\n    <span class=\"token comment\">&lt;!--输出到控制台--&gt;</span>\n    <span class=\"token tag\"><span class=\"token tag\"><span class=\"token punctuation\">&lt;</span>appender</span> <span class=\"token attr-name\">name</span><span class=\"token attr-value\"><span class=\"token punctuation attr-equals\">=</span><span class=\"token punctuation\">\"</span>CONSOLE<span class=\"token punctuation\">\"</span></span> <span class=\"token attr-name\">class</span><span class=\"token attr-value\"><span class=\"token punctuation attr-equals\">=</span><span class=\"token punctuation\">\"</span>ch.qos.logback.core.ConsoleAppender<span class=\"token punctuation\">\"</span></span><span class=\"token punctuation\">&gt;</span></span>\n        <span class=\"token comment\">&lt;!--此日志appender是为开发使用，只配置最底级别，控制台输出的日志级别是大于或等于此级别的日志信息--&gt;</span>\n        <span class=\"token tag\"><span class=\"token tag\"><span class=\"token punctuation\">&lt;</span>filter</span> <span class=\"token attr-name\">class</span><span class=\"token attr-value\"><span class=\"token punctuation attr-equals\">=</span><span class=\"token punctuation\">\"</span>ch.qos.logback.classic.filter.ThresholdFilter<span class=\"token punctuation\">\"</span></span><span class=\"token punctuation\">&gt;</span></span>\n            <span class=\"token tag\"><span class=\"token tag\"><span class=\"token punctuation\">&lt;</span>level</span><span class=\"token punctuation\">&gt;</span></span>info<span class=\"token tag\"><span class=\"token tag\"><span class=\"token punctuation\">&lt;/</span>level</span><span class=\"token punctuation\">&gt;</span></span>\n        <span class=\"token tag\"><span class=\"token tag\"><span class=\"token punctuation\">&lt;/</span>filter</span><span class=\"token punctuation\">&gt;</span></span>\n        <span class=\"token tag\"><span class=\"token tag\"><span class=\"token punctuation\">&lt;</span>encoder</span><span class=\"token punctuation\">&gt;</span></span>\n            <span class=\"token tag\"><span class=\"token tag\"><span class=\"token punctuation\">&lt;</span>Pattern</span><span class=\"token punctuation\">&gt;</span></span>${CONSOLE_LOG_PATTERN}<span class=\"token tag\"><span class=\"token tag\"><span class=\"token punctuation\">&lt;/</span>Pattern</span><span class=\"token punctuation\">&gt;</span></span>\n            <span class=\"token comment\">&lt;!-- 设置字符集 --&gt;</span>\n            <span class=\"token tag\"><span class=\"token tag\"><span class=\"token punctuation\">&lt;</span>charset</span><span class=\"token punctuation\">&gt;</span></span>UTF-8<span class=\"token tag\"><span class=\"token tag\"><span class=\"token punctuation\">&lt;/</span>charset</span><span class=\"token punctuation\">&gt;</span></span>\n        <span class=\"token tag\"><span class=\"token tag\"><span class=\"token punctuation\">&lt;/</span>encoder</span><span class=\"token punctuation\">&gt;</span></span>\n    <span class=\"token tag\"><span class=\"token tag\"><span class=\"token punctuation\">&lt;/</span>appender</span><span class=\"token punctuation\">&gt;</span></span>\n\n\n    <span class=\"token comment\">&lt;!--输出到文件--&gt;</span>\n\n    <span class=\"token comment\">&lt;!-- 时间滚动输出 level为 DEBUG 日志 --&gt;</span>\n    <span class=\"token tag\"><span class=\"token tag\"><span class=\"token punctuation\">&lt;</span>appender</span> <span class=\"token attr-name\">name</span><span class=\"token attr-value\"><span class=\"token punctuation attr-equals\">=</span><span class=\"token punctuation\">\"</span>DEBUG_FILE<span class=\"token punctuation\">\"</span></span> <span class=\"token attr-name\">class</span><span class=\"token attr-value\"><span class=\"token punctuation attr-equals\">=</span><span class=\"token punctuation\">\"</span>ch.qos.logback.core.rolling.RollingFileAppender<span class=\"token punctuation\">\"</span></span><span class=\"token punctuation\">&gt;</span></span>\n        <span class=\"token comment\">&lt;!-- 正在记录的日志文件的路径及文件名 --&gt;</span>\n        <span class=\"token tag\"><span class=\"token tag\"><span class=\"token punctuation\">&lt;</span>file</span><span class=\"token punctuation\">&gt;</span></span>${LOG_PATH}/log_debug.log<span class=\"token tag\"><span class=\"token tag\"><span class=\"token punctuation\">&lt;/</span>file</span><span class=\"token punctuation\">&gt;</span></span>\n        <span class=\"token comment\">&lt;!--日志文件输出格式--&gt;</span>\n        <span class=\"token tag\"><span class=\"token tag\"><span class=\"token punctuation\">&lt;</span>encoder</span><span class=\"token punctuation\">&gt;</span></span>\n            <span class=\"token tag\"><span class=\"token tag\"><span class=\"token punctuation\">&lt;</span>pattern</span><span class=\"token punctuation\">&gt;</span></span>%d{yyyy-MM-dd HH:mm:ss.SSS} [%thread] %-5level %logger{50} - %msg%n<span class=\"token tag\"><span class=\"token tag\"><span class=\"token punctuation\">&lt;/</span>pattern</span><span class=\"token punctuation\">&gt;</span></span>\n            <span class=\"token tag\"><span class=\"token tag\"><span class=\"token punctuation\">&lt;</span>charset</span><span class=\"token punctuation\">&gt;</span></span>UTF-8<span class=\"token tag\"><span class=\"token tag\"><span class=\"token punctuation\">&lt;/</span>charset</span><span class=\"token punctuation\">&gt;</span></span> <span class=\"token comment\">&lt;!-- 设置字符集 --&gt;</span>\n        <span class=\"token tag\"><span class=\"token tag\"><span class=\"token punctuation\">&lt;/</span>encoder</span><span class=\"token punctuation\">&gt;</span></span>\n        <span class=\"token comment\">&lt;!-- 日志记录器的滚动策略，按日期，按大小记录 --&gt;</span>\n        <span class=\"token tag\"><span class=\"token tag\"><span class=\"token punctuation\">&lt;</span>rollingPolicy</span> <span class=\"token attr-name\">class</span><span class=\"token attr-value\"><span class=\"token punctuation attr-equals\">=</span><span class=\"token punctuation\">\"</span>ch.qos.logback.core.rolling.TimeBasedRollingPolicy<span class=\"token punctuation\">\"</span></span><span class=\"token punctuation\">&gt;</span></span>\n            <span class=\"token comment\">&lt;!-- 日志归档 --&gt;</span>\n            <span class=\"token tag\"><span class=\"token tag\"><span class=\"token punctuation\">&lt;</span>fileNamePattern</span><span class=\"token punctuation\">&gt;</span></span>${LOG_PATH}/debug/log-debug-%d{yyyy-MM-dd}.%i.log<span class=\"token tag\"><span class=\"token tag\"><span class=\"token punctuation\">&lt;/</span>fileNamePattern</span><span class=\"token punctuation\">&gt;</span></span>\n            <span class=\"token tag\"><span class=\"token tag\"><span class=\"token punctuation\">&lt;</span>timeBasedFileNamingAndTriggeringPolicy</span> <span class=\"token attr-name\">class</span><span class=\"token attr-value\"><span class=\"token punctuation attr-equals\">=</span><span class=\"token punctuation\">\"</span>ch.qos.logback.core.rolling.SizeAndTimeBasedFNATP<span class=\"token punctuation\">\"</span></span><span class=\"token punctuation\">&gt;</span></span>\n                <span class=\"token tag\"><span class=\"token tag\"><span class=\"token punctuation\">&lt;</span>maxFileSize</span><span class=\"token punctuation\">&gt;</span></span>20MB<span class=\"token tag\"><span class=\"token tag\"><span class=\"token punctuation\">&lt;/</span>maxFileSize</span><span class=\"token punctuation\">&gt;</span></span>\n            <span class=\"token tag\"><span class=\"token tag\"><span class=\"token punctuation\">&lt;/</span>timeBasedFileNamingAndTriggeringPolicy</span><span class=\"token punctuation\">&gt;</span></span>\n            <span class=\"token comment\">&lt;!--日志文件保留天数--&gt;</span>\n            <span class=\"token tag\"><span class=\"token tag\"><span class=\"token punctuation\">&lt;</span>maxHistory</span><span class=\"token punctuation\">&gt;</span></span>30<span class=\"token tag\"><span class=\"token tag\"><span class=\"token punctuation\">&lt;/</span>maxHistory</span><span class=\"token punctuation\">&gt;</span></span>\n        <span class=\"token tag\"><span class=\"token tag\"><span class=\"token punctuation\">&lt;/</span>rollingPolicy</span><span class=\"token punctuation\">&gt;</span></span>\n        <span class=\"token comment\">&lt;!-- 此日志文件只记录debug级别的 --&gt;</span>\n        <span class=\"token tag\"><span class=\"token tag\"><span class=\"token punctuation\">&lt;</span>filter</span> <span class=\"token attr-name\">class</span><span class=\"token attr-value\"><span class=\"token punctuation attr-equals\">=</span><span class=\"token punctuation\">\"</span>ch.qos.logback.classic.filter.LevelFilter<span class=\"token punctuation\">\"</span></span><span class=\"token punctuation\">&gt;</span></span>\n            <span class=\"token tag\"><span class=\"token tag\"><span class=\"token punctuation\">&lt;</span>level</span><span class=\"token punctuation\">&gt;</span></span>debug<span class=\"token tag\"><span class=\"token tag\"><span class=\"token punctuation\">&lt;/</span>level</span><span class=\"token punctuation\">&gt;</span></span>\n            <span class=\"token tag\"><span class=\"token tag\"><span class=\"token punctuation\">&lt;</span>onMatch</span><span class=\"token punctuation\">&gt;</span></span>ACCEPT<span class=\"token tag\"><span class=\"token tag\"><span class=\"token punctuation\">&lt;/</span>onMatch</span><span class=\"token punctuation\">&gt;</span></span>\n            <span class=\"token tag\"><span class=\"token tag\"><span class=\"token punctuation\">&lt;</span>onMismatch</span><span class=\"token punctuation\">&gt;</span></span>DENY<span class=\"token tag\"><span class=\"token tag\"><span class=\"token punctuation\">&lt;/</span>onMismatch</span><span class=\"token punctuation\">&gt;</span></span>\n        <span class=\"token tag\"><span class=\"token tag\"><span class=\"token punctuation\">&lt;/</span>filter</span><span class=\"token punctuation\">&gt;</span></span>\n    <span class=\"token tag\"><span class=\"token tag\"><span class=\"token punctuation\">&lt;/</span>appender</span><span class=\"token punctuation\">&gt;</span></span>\n\n    <span class=\"token comment\">&lt;!-- 时间滚动输出 level为 INFO 日志 --&gt;</span>\n    <span class=\"token tag\"><span class=\"token tag\"><span class=\"token punctuation\">&lt;</span>appender</span> <span class=\"token attr-name\">name</span><span class=\"token attr-value\"><span class=\"token punctuation attr-equals\">=</span><span class=\"token punctuation\">\"</span>INFO_FILE<span class=\"token punctuation\">\"</span></span> <span class=\"token attr-name\">class</span><span class=\"token attr-value\"><span class=\"token punctuation attr-equals\">=</span><span class=\"token punctuation\">\"</span>ch.qos.logback.core.rolling.RollingFileAppender<span class=\"token punctuation\">\"</span></span><span class=\"token punctuation\">&gt;</span></span>\n        <span class=\"token comment\">&lt;!-- 正在记录的日志文件的路径及文件名 --&gt;</span>\n        <span class=\"token tag\"><span class=\"token tag\"><span class=\"token punctuation\">&lt;</span>file</span><span class=\"token punctuation\">&gt;</span></span>${LOG_PATH}/log_info.log<span class=\"token tag\"><span class=\"token tag\"><span class=\"token punctuation\">&lt;/</span>file</span><span class=\"token punctuation\">&gt;</span></span>\n        <span class=\"token comment\">&lt;!--日志文件输出格式--&gt;</span>\n        <span class=\"token tag\"><span class=\"token tag\"><span class=\"token punctuation\">&lt;</span>encoder</span><span class=\"token punctuation\">&gt;</span></span>\n            <span class=\"token tag\"><span class=\"token tag\"><span class=\"token punctuation\">&lt;</span>pattern</span><span class=\"token punctuation\">&gt;</span></span>%d{yyyy-MM-dd HH:mm:ss.SSS} [%thread] %-5level %logger{50} - %msg%n<span class=\"token tag\"><span class=\"token tag\"><span class=\"token punctuation\">&lt;/</span>pattern</span><span class=\"token punctuation\">&gt;</span></span>\n            <span class=\"token tag\"><span class=\"token tag\"><span class=\"token punctuation\">&lt;</span>charset</span><span class=\"token punctuation\">&gt;</span></span>UTF-8<span class=\"token tag\"><span class=\"token tag\"><span class=\"token punctuation\">&lt;/</span>charset</span><span class=\"token punctuation\">&gt;</span></span>\n        <span class=\"token tag\"><span class=\"token tag\"><span class=\"token punctuation\">&lt;/</span>encoder</span><span class=\"token punctuation\">&gt;</span></span>\n        <span class=\"token comment\">&lt;!-- 日志记录器的滚动策略，按日期，按大小记录 --&gt;</span>\n        <span class=\"token tag\"><span class=\"token tag\"><span class=\"token punctuation\">&lt;</span>rollingPolicy</span> <span class=\"token attr-name\">class</span><span class=\"token attr-value\"><span class=\"token punctuation attr-equals\">=</span><span class=\"token punctuation\">\"</span>ch.qos.logback.core.rolling.TimeBasedRollingPolicy<span class=\"token punctuation\">\"</span></span><span class=\"token punctuation\">&gt;</span></span>\n            <span class=\"token comment\">&lt;!-- 每天日志归档路径以及格式 --&gt;</span>\n            <span class=\"token tag\"><span class=\"token tag\"><span class=\"token punctuation\">&lt;</span>fileNamePattern</span><span class=\"token punctuation\">&gt;</span></span>${LOG_PATH}/info/log-info-%d{yyyy-MM-dd}.%i.log<span class=\"token tag\"><span class=\"token tag\"><span class=\"token punctuation\">&lt;/</span>fileNamePattern</span><span class=\"token punctuation\">&gt;</span></span>\n            <span class=\"token tag\"><span class=\"token tag\"><span class=\"token punctuation\">&lt;</span>timeBasedFileNamingAndTriggeringPolicy</span> <span class=\"token attr-name\">class</span><span class=\"token attr-value\"><span class=\"token punctuation attr-equals\">=</span><span class=\"token punctuation\">\"</span>ch.qos.logback.core.rolling.SizeAndTimeBasedFNATP<span class=\"token punctuation\">\"</span></span><span class=\"token punctuation\">&gt;</span></span>\n                <span class=\"token tag\"><span class=\"token tag\"><span class=\"token punctuation\">&lt;</span>maxFileSize</span><span class=\"token punctuation\">&gt;</span></span>50MB<span class=\"token tag\"><span class=\"token tag\"><span class=\"token punctuation\">&lt;/</span>maxFileSize</span><span class=\"token punctuation\">&gt;</span></span>\n            <span class=\"token tag\"><span class=\"token tag\"><span class=\"token punctuation\">&lt;/</span>timeBasedFileNamingAndTriggeringPolicy</span><span class=\"token punctuation\">&gt;</span></span>\n            <span class=\"token comment\">&lt;!--日志文件保留天数--&gt;</span>\n            <span class=\"token tag\"><span class=\"token tag\"><span class=\"token punctuation\">&lt;</span>maxHistory</span><span class=\"token punctuation\">&gt;</span></span>180<span class=\"token tag\"><span class=\"token tag\"><span class=\"token punctuation\">&lt;/</span>maxHistory</span><span class=\"token punctuation\">&gt;</span></span>\n        <span class=\"token tag\"><span class=\"token tag\"><span class=\"token punctuation\">&lt;/</span>rollingPolicy</span><span class=\"token punctuation\">&gt;</span></span>\n        <span class=\"token comment\">&lt;!-- 此日志文件只记录info级别的 --&gt;</span>\n        <span class=\"token tag\"><span class=\"token tag\"><span class=\"token punctuation\">&lt;</span>filter</span> <span class=\"token attr-name\">class</span><span class=\"token attr-value\"><span class=\"token punctuation attr-equals\">=</span><span class=\"token punctuation\">\"</span>ch.qos.logback.classic.filter.LevelFilter<span class=\"token punctuation\">\"</span></span><span class=\"token punctuation\">&gt;</span></span>\n            <span class=\"token tag\"><span class=\"token tag\"><span class=\"token punctuation\">&lt;</span>level</span><span class=\"token punctuation\">&gt;</span></span>info<span class=\"token tag\"><span class=\"token tag\"><span class=\"token punctuation\">&lt;/</span>level</span><span class=\"token punctuation\">&gt;</span></span>\n            <span class=\"token tag\"><span class=\"token tag\"><span class=\"token punctuation\">&lt;</span>onMatch</span><span class=\"token punctuation\">&gt;</span></span>ACCEPT<span class=\"token tag\"><span class=\"token tag\"><span class=\"token punctuation\">&lt;/</span>onMatch</span><span class=\"token punctuation\">&gt;</span></span>\n            <span class=\"token tag\"><span class=\"token tag\"><span class=\"token punctuation\">&lt;</span>onMismatch</span><span class=\"token punctuation\">&gt;</span></span>DENY<span class=\"token tag\"><span class=\"token tag\"><span class=\"token punctuation\">&lt;/</span>onMismatch</span><span class=\"token punctuation\">&gt;</span></span>\n        <span class=\"token tag\"><span class=\"token tag\"><span class=\"token punctuation\">&lt;/</span>filter</span><span class=\"token punctuation\">&gt;</span></span>\n    <span class=\"token tag\"><span class=\"token tag\"><span class=\"token punctuation\">&lt;/</span>appender</span><span class=\"token punctuation\">&gt;</span></span>\n\n    <span class=\"token comment\">&lt;!-- 时间滚动输出 level为 WARN 日志 --&gt;</span>\n    <span class=\"token tag\"><span class=\"token tag\"><span class=\"token punctuation\">&lt;</span>appender</span> <span class=\"token attr-name\">name</span><span class=\"token attr-value\"><span class=\"token punctuation attr-equals\">=</span><span class=\"token punctuation\">\"</span>WARN_FILE<span class=\"token punctuation\">\"</span></span> <span class=\"token attr-name\">class</span><span class=\"token attr-value\"><span class=\"token punctuation attr-equals\">=</span><span class=\"token punctuation\">\"</span>ch.qos.logback.core.rolling.RollingFileAppender<span class=\"token punctuation\">\"</span></span><span class=\"token punctuation\">&gt;</span></span>\n        <span class=\"token comment\">&lt;!-- 正在记录的日志文件的路径及文件名 --&gt;</span>\n        <span class=\"token tag\"><span class=\"token tag\"><span class=\"token punctuation\">&lt;</span>file</span><span class=\"token punctuation\">&gt;</span></span>${LOG_PATH}/log_warn.log<span class=\"token tag\"><span class=\"token tag\"><span class=\"token punctuation\">&lt;/</span>file</span><span class=\"token punctuation\">&gt;</span></span>\n        <span class=\"token comment\">&lt;!--日志文件输出格式--&gt;</span>\n        <span class=\"token tag\"><span class=\"token tag\"><span class=\"token punctuation\">&lt;</span>encoder</span><span class=\"token punctuation\">&gt;</span></span>\n            <span class=\"token tag\"><span class=\"token tag\"><span class=\"token punctuation\">&lt;</span>pattern</span><span class=\"token punctuation\">&gt;</span></span>%d{yyyy-MM-dd HH:mm:ss.SSS} [%thread] %-5level %logger{50} - %msg%n<span class=\"token tag\"><span class=\"token tag\"><span class=\"token punctuation\">&lt;/</span>pattern</span><span class=\"token punctuation\">&gt;</span></span>\n            <span class=\"token tag\"><span class=\"token tag\"><span class=\"token punctuation\">&lt;</span>charset</span><span class=\"token punctuation\">&gt;</span></span>UTF-8<span class=\"token tag\"><span class=\"token tag\"><span class=\"token punctuation\">&lt;/</span>charset</span><span class=\"token punctuation\">&gt;</span></span> <span class=\"token comment\">&lt;!-- 此处设置字符集 --&gt;</span>\n        <span class=\"token tag\"><span class=\"token tag\"><span class=\"token punctuation\">&lt;/</span>encoder</span><span class=\"token punctuation\">&gt;</span></span>\n        <span class=\"token comment\">&lt;!-- 日志记录器的滚动策略，按日期，按大小记录 --&gt;</span>\n        <span class=\"token tag\"><span class=\"token tag\"><span class=\"token punctuation\">&lt;</span>rollingPolicy</span> <span class=\"token attr-name\">class</span><span class=\"token attr-value\"><span class=\"token punctuation attr-equals\">=</span><span class=\"token punctuation\">\"</span>ch.qos.logback.core.rolling.TimeBasedRollingPolicy<span class=\"token punctuation\">\"</span></span><span class=\"token punctuation\">&gt;</span></span>\n            <span class=\"token tag\"><span class=\"token tag\"><span class=\"token punctuation\">&lt;</span>fileNamePattern</span><span class=\"token punctuation\">&gt;</span></span>${LOG_PATH}/warn/log-warn-%d{yyyy-MM-dd}.%i.log<span class=\"token tag\"><span class=\"token tag\"><span class=\"token punctuation\">&lt;/</span>fileNamePattern</span><span class=\"token punctuation\">&gt;</span></span>\n            <span class=\"token tag\"><span class=\"token tag\"><span class=\"token punctuation\">&lt;</span>timeBasedFileNamingAndTriggeringPolicy</span> <span class=\"token attr-name\">class</span><span class=\"token attr-value\"><span class=\"token punctuation attr-equals\">=</span><span class=\"token punctuation\">\"</span>ch.qos.logback.core.rolling.SizeAndTimeBasedFNATP<span class=\"token punctuation\">\"</span></span><span class=\"token punctuation\">&gt;</span></span>\n                <span class=\"token tag\"><span class=\"token tag\"><span class=\"token punctuation\">&lt;</span>maxFileSize</span><span class=\"token punctuation\">&gt;</span></span>10MB<span class=\"token tag\"><span class=\"token tag\"><span class=\"token punctuation\">&lt;/</span>maxFileSize</span><span class=\"token punctuation\">&gt;</span></span>\n            <span class=\"token tag\"><span class=\"token tag\"><span class=\"token punctuation\">&lt;/</span>timeBasedFileNamingAndTriggeringPolicy</span><span class=\"token punctuation\">&gt;</span></span>\n            <span class=\"token comment\">&lt;!--日志文件保留天数--&gt;</span>\n            <span class=\"token tag\"><span class=\"token tag\"><span class=\"token punctuation\">&lt;</span>maxHistory</span><span class=\"token punctuation\">&gt;</span></span>15<span class=\"token tag\"><span class=\"token tag\"><span class=\"token punctuation\">&lt;/</span>maxHistory</span><span class=\"token punctuation\">&gt;</span></span>\n        <span class=\"token tag\"><span class=\"token tag\"><span class=\"token punctuation\">&lt;/</span>rollingPolicy</span><span class=\"token punctuation\">&gt;</span></span>\n        <span class=\"token comment\">&lt;!-- 此日志文件只记录warn级别的 --&gt;</span>\n        <span class=\"token tag\"><span class=\"token tag\"><span class=\"token punctuation\">&lt;</span>filter</span> <span class=\"token attr-name\">class</span><span class=\"token attr-value\"><span class=\"token punctuation attr-equals\">=</span><span class=\"token punctuation\">\"</span>ch.qos.logback.classic.filter.LevelFilter<span class=\"token punctuation\">\"</span></span><span class=\"token punctuation\">&gt;</span></span>\n            <span class=\"token tag\"><span class=\"token tag\"><span class=\"token punctuation\">&lt;</span>level</span><span class=\"token punctuation\">&gt;</span></span>warn<span class=\"token tag\"><span class=\"token tag\"><span class=\"token punctuation\">&lt;/</span>level</span><span class=\"token punctuation\">&gt;</span></span>\n            <span class=\"token tag\"><span class=\"token tag\"><span class=\"token punctuation\">&lt;</span>onMatch</span><span class=\"token punctuation\">&gt;</span></span>ACCEPT<span class=\"token tag\"><span class=\"token tag\"><span class=\"token punctuation\">&lt;/</span>onMatch</span><span class=\"token punctuation\">&gt;</span></span>\n            <span class=\"token tag\"><span class=\"token tag\"><span class=\"token punctuation\">&lt;</span>onMismatch</span><span class=\"token punctuation\">&gt;</span></span>DENY<span class=\"token tag\"><span class=\"token tag\"><span class=\"token punctuation\">&lt;/</span>onMismatch</span><span class=\"token punctuation\">&gt;</span></span>\n        <span class=\"token tag\"><span class=\"token tag\"><span class=\"token punctuation\">&lt;/</span>filter</span><span class=\"token punctuation\">&gt;</span></span>\n    <span class=\"token tag\"><span class=\"token tag\"><span class=\"token punctuation\">&lt;/</span>appender</span><span class=\"token punctuation\">&gt;</span></span>\n\n\n    <span class=\"token comment\">&lt;!-- 时间滚动输出 level为 ERROR 日志 --&gt;</span>\n    <span class=\"token tag\"><span class=\"token tag\"><span class=\"token punctuation\">&lt;</span>appender</span> <span class=\"token attr-name\">name</span><span class=\"token attr-value\"><span class=\"token punctuation attr-equals\">=</span><span class=\"token punctuation\">\"</span>ERROR_FILE<span class=\"token punctuation\">\"</span></span> <span class=\"token attr-name\">class</span><span class=\"token attr-value\"><span class=\"token punctuation attr-equals\">=</span><span class=\"token punctuation\">\"</span>ch.qos.logback.core.rolling.RollingFileAppender<span class=\"token punctuation\">\"</span></span><span class=\"token punctuation\">&gt;</span></span>\n        <span class=\"token comment\">&lt;!-- 正在记录的日志文件的路径及文件名 --&gt;</span>\n        <span class=\"token tag\"><span class=\"token tag\"><span class=\"token punctuation\">&lt;</span>file</span><span class=\"token punctuation\">&gt;</span></span>${LOG_PATH}/log_error.log<span class=\"token tag\"><span class=\"token tag\"><span class=\"token punctuation\">&lt;/</span>file</span><span class=\"token punctuation\">&gt;</span></span>\n        <span class=\"token comment\">&lt;!--日志文件输出格式--&gt;</span>\n        <span class=\"token tag\"><span class=\"token tag\"><span class=\"token punctuation\">&lt;</span>encoder</span><span class=\"token punctuation\">&gt;</span></span>\n            <span class=\"token tag\"><span class=\"token tag\"><span class=\"token punctuation\">&lt;</span>pattern</span><span class=\"token punctuation\">&gt;</span></span>%d{yyyy-MM-dd HH:mm:ss.SSS} [%thread] %-5level %logger{50} - %msg%n<span class=\"token tag\"><span class=\"token tag\"><span class=\"token punctuation\">&lt;/</span>pattern</span><span class=\"token punctuation\">&gt;</span></span>\n            <span class=\"token tag\"><span class=\"token tag\"><span class=\"token punctuation\">&lt;</span>charset</span><span class=\"token punctuation\">&gt;</span></span>UTF-8<span class=\"token tag\"><span class=\"token tag\"><span class=\"token punctuation\">&lt;/</span>charset</span><span class=\"token punctuation\">&gt;</span></span> <span class=\"token comment\">&lt;!-- 此处设置字符集 --&gt;</span>\n        <span class=\"token tag\"><span class=\"token tag\"><span class=\"token punctuation\">&lt;/</span>encoder</span><span class=\"token punctuation\">&gt;</span></span>\n        <span class=\"token comment\">&lt;!-- 日志记录器的滚动策略，按日期，按大小记录 --&gt;</span>\n        <span class=\"token tag\"><span class=\"token tag\"><span class=\"token punctuation\">&lt;</span>rollingPolicy</span> <span class=\"token attr-name\">class</span><span class=\"token attr-value\"><span class=\"token punctuation attr-equals\">=</span><span class=\"token punctuation\">\"</span>ch.qos.logback.core.rolling.TimeBasedRollingPolicy<span class=\"token punctuation\">\"</span></span><span class=\"token punctuation\">&gt;</span></span>\n            <span class=\"token tag\"><span class=\"token tag\"><span class=\"token punctuation\">&lt;</span>fileNamePattern</span><span class=\"token punctuation\">&gt;</span></span>${LOG_PATH}/error/log-error-%d{yyyy-MM-dd}.%i.log<span class=\"token tag\"><span class=\"token tag\"><span class=\"token punctuation\">&lt;/</span>fileNamePattern</span><span class=\"token punctuation\">&gt;</span></span>\n            <span class=\"token tag\"><span class=\"token tag\"><span class=\"token punctuation\">&lt;</span>timeBasedFileNamingAndTriggeringPolicy</span> <span class=\"token attr-name\">class</span><span class=\"token attr-value\"><span class=\"token punctuation attr-equals\">=</span><span class=\"token punctuation\">\"</span>ch.qos.logback.core.rolling.SizeAndTimeBasedFNATP<span class=\"token punctuation\">\"</span></span><span class=\"token punctuation\">&gt;</span></span>\n                <span class=\"token tag\"><span class=\"token tag\"><span class=\"token punctuation\">&lt;</span>maxFileSize</span><span class=\"token punctuation\">&gt;</span></span>100MB<span class=\"token tag\"><span class=\"token tag\"><span class=\"token punctuation\">&lt;/</span>maxFileSize</span><span class=\"token punctuation\">&gt;</span></span>\n            <span class=\"token tag\"><span class=\"token tag\"><span class=\"token punctuation\">&lt;/</span>timeBasedFileNamingAndTriggeringPolicy</span><span class=\"token punctuation\">&gt;</span></span>\n            <span class=\"token comment\">&lt;!--日志文件保留天数--&gt;</span>\n            <span class=\"token tag\"><span class=\"token tag\"><span class=\"token punctuation\">&lt;</span>maxHistory</span><span class=\"token punctuation\">&gt;</span></span>180<span class=\"token tag\"><span class=\"token tag\"><span class=\"token punctuation\">&lt;/</span>maxHistory</span><span class=\"token punctuation\">&gt;</span></span>\n        <span class=\"token tag\"><span class=\"token tag\"><span class=\"token punctuation\">&lt;/</span>rollingPolicy</span><span class=\"token punctuation\">&gt;</span></span>\n        <span class=\"token comment\">&lt;!-- 此日志文件只记录ERROR级别的 --&gt;</span>\n        <span class=\"token tag\"><span class=\"token tag\"><span class=\"token punctuation\">&lt;</span>filter</span> <span class=\"token attr-name\">class</span><span class=\"token attr-value\"><span class=\"token punctuation attr-equals\">=</span><span class=\"token punctuation\">\"</span>ch.qos.logback.classic.filter.LevelFilter<span class=\"token punctuation\">\"</span></span><span class=\"token punctuation\">&gt;</span></span>\n            <span class=\"token tag\"><span class=\"token tag\"><span class=\"token punctuation\">&lt;</span>level</span><span class=\"token punctuation\">&gt;</span></span>ERROR<span class=\"token tag\"><span class=\"token tag\"><span class=\"token punctuation\">&lt;/</span>level</span><span class=\"token punctuation\">&gt;</span></span>\n            <span class=\"token tag\"><span class=\"token tag\"><span class=\"token punctuation\">&lt;</span>onMatch</span><span class=\"token punctuation\">&gt;</span></span>ACCEPT<span class=\"token tag\"><span class=\"token tag\"><span class=\"token punctuation\">&lt;/</span>onMatch</span><span class=\"token punctuation\">&gt;</span></span>\n            <span class=\"token tag\"><span class=\"token tag\"><span class=\"token punctuation\">&lt;</span>onMismatch</span><span class=\"token punctuation\">&gt;</span></span>DENY<span class=\"token tag\"><span class=\"token tag\"><span class=\"token punctuation\">&lt;/</span>onMismatch</span><span class=\"token punctuation\">&gt;</span></span>\n        <span class=\"token tag\"><span class=\"token tag\"><span class=\"token punctuation\">&lt;/</span>filter</span><span class=\"token punctuation\">&gt;</span></span>\n    <span class=\"token tag\"><span class=\"token tag\"><span class=\"token punctuation\">&lt;/</span>appender</span><span class=\"token punctuation\">&gt;</span></span>\n\n    <span class=\"token comment\">&lt;!--开发环境:打印控制台--&gt;</span>\n    <span class=\"token tag\"><span class=\"token tag\"><span class=\"token punctuation\">&lt;</span>springProfile</span> <span class=\"token attr-name\">name</span><span class=\"token attr-value\"><span class=\"token punctuation attr-equals\">=</span><span class=\"token punctuation\">\"</span>test<span class=\"token punctuation\">\"</span></span><span class=\"token punctuation\">&gt;</span></span>\n        <span class=\"token tag\"><span class=\"token tag\"><span class=\"token punctuation\">&lt;</span>logger</span> <span class=\"token attr-name\">name</span><span class=\"token attr-value\"><span class=\"token punctuation attr-equals\">=</span><span class=\"token punctuation\">\"</span>com.initsrc<span class=\"token punctuation\">\"</span></span> <span class=\"token attr-name\">level</span><span class=\"token attr-value\"><span class=\"token punctuation attr-equals\">=</span><span class=\"token punctuation\">\"</span>debug<span class=\"token punctuation\">\"</span></span> <span class=\"token attr-name\">additivity</span><span class=\"token attr-value\"><span class=\"token punctuation attr-equals\">=</span><span class=\"token punctuation\">\"</span>false<span class=\"token punctuation\">\"</span></span><span class=\"token punctuation\">&gt;</span></span>\n            <span class=\"token tag\"><span class=\"token tag\"><span class=\"token punctuation\">&lt;</span>appender-ref</span> <span class=\"token attr-name\">ref</span><span class=\"token attr-value\"><span class=\"token punctuation attr-equals\">=</span><span class=\"token punctuation\">\"</span>CONSOLE<span class=\"token punctuation\">\"</span></span> <span class=\"token punctuation\">/&gt;</span></span>\n            <span class=\"token tag\"><span class=\"token tag\"><span class=\"token punctuation\">&lt;</span>appender-ref</span> <span class=\"token attr-name\">ref</span><span class=\"token attr-value\"><span class=\"token punctuation attr-equals\">=</span><span class=\"token punctuation\">\"</span>DEBUG_FILE<span class=\"token punctuation\">\"</span></span> <span class=\"token punctuation\">/&gt;</span></span>\n            <span class=\"token tag\"><span class=\"token tag\"><span class=\"token punctuation\">&lt;</span>appender-ref</span> <span class=\"token attr-name\">ref</span><span class=\"token attr-value\"><span class=\"token punctuation attr-equals\">=</span><span class=\"token punctuation\">\"</span>INFO_FILE<span class=\"token punctuation\">\"</span></span> <span class=\"token punctuation\">/&gt;</span></span>\n            <span class=\"token tag\"><span class=\"token tag\"><span class=\"token punctuation\">&lt;</span>appender-ref</span> <span class=\"token attr-name\">ref</span><span class=\"token attr-value\"><span class=\"token punctuation attr-equals\">=</span><span class=\"token punctuation\">\"</span>WARN_FILE<span class=\"token punctuation\">\"</span></span> <span class=\"token punctuation\">/&gt;</span></span>\n            <span class=\"token tag\"><span class=\"token tag\"><span class=\"token punctuation\">&lt;</span>appender-ref</span> <span class=\"token attr-name\">ref</span><span class=\"token attr-value\"><span class=\"token punctuation attr-equals\">=</span><span class=\"token punctuation\">\"</span>ERROR_FILE<span class=\"token punctuation\">\"</span></span> <span class=\"token punctuation\">/&gt;</span></span>\n        <span class=\"token tag\"><span class=\"token tag\"><span class=\"token punctuation\">&lt;/</span>logger</span><span class=\"token punctuation\">&gt;</span></span>\n    <span class=\"token tag\"><span class=\"token tag\"><span class=\"token punctuation\">&lt;/</span>springProfile</span><span class=\"token punctuation\">&gt;</span></span>\n\n    <span class=\"token comment\">&lt;!--开发环境:打印控制台--&gt;</span>\n    <span class=\"token tag\"><span class=\"token tag\"><span class=\"token punctuation\">&lt;</span>springProfile</span> <span class=\"token attr-name\">name</span><span class=\"token attr-value\"><span class=\"token punctuation attr-equals\">=</span><span class=\"token punctuation\">\"</span>dev<span class=\"token punctuation\">\"</span></span><span class=\"token punctuation\">&gt;</span></span>\n        <span class=\"token tag\"><span class=\"token tag\"><span class=\"token punctuation\">&lt;</span>logger</span> <span class=\"token attr-name\">name</span><span class=\"token attr-value\"><span class=\"token punctuation attr-equals\">=</span><span class=\"token punctuation\">\"</span>com.initsrc<span class=\"token punctuation\">\"</span></span> <span class=\"token attr-name\">level</span><span class=\"token attr-value\"><span class=\"token punctuation attr-equals\">=</span><span class=\"token punctuation\">\"</span>debug<span class=\"token punctuation\">\"</span></span> <span class=\"token attr-name\">additivity</span><span class=\"token attr-value\"><span class=\"token punctuation attr-equals\">=</span><span class=\"token punctuation\">\"</span>false<span class=\"token punctuation\">\"</span></span><span class=\"token punctuation\">&gt;</span></span>\n            <span class=\"token tag\"><span class=\"token tag\"><span class=\"token punctuation\">&lt;</span>appender-ref</span> <span class=\"token attr-name\">ref</span><span class=\"token attr-value\"><span class=\"token punctuation attr-equals\">=</span><span class=\"token punctuation\">\"</span>CONSOLE<span class=\"token punctuation\">\"</span></span> <span class=\"token punctuation\">/&gt;</span></span>\n            <span class=\"token tag\"><span class=\"token tag\"><span class=\"token punctuation\">&lt;</span>appender-ref</span> <span class=\"token attr-name\">ref</span><span class=\"token attr-value\"><span class=\"token punctuation attr-equals\">=</span><span class=\"token punctuation\">\"</span>DEBUG_FILE<span class=\"token punctuation\">\"</span></span> <span class=\"token punctuation\">/&gt;</span></span>\n            <span class=\"token tag\"><span class=\"token tag\"><span class=\"token punctuation\">&lt;</span>appender-ref</span> <span class=\"token attr-name\">ref</span><span class=\"token attr-value\"><span class=\"token punctuation attr-equals\">=</span><span class=\"token punctuation\">\"</span>INFO_FILE<span class=\"token punctuation\">\"</span></span> <span class=\"token punctuation\">/&gt;</span></span>\n            <span class=\"token tag\"><span class=\"token tag\"><span class=\"token punctuation\">&lt;</span>appender-ref</span> <span class=\"token attr-name\">ref</span><span class=\"token attr-value\"><span class=\"token punctuation attr-equals\">=</span><span class=\"token punctuation\">\"</span>WARN_FILE<span class=\"token punctuation\">\"</span></span> <span class=\"token punctuation\">/&gt;</span></span>\n            <span class=\"token tag\"><span class=\"token tag\"><span class=\"token punctuation\">&lt;</span>appender-ref</span> <span class=\"token attr-name\">ref</span><span class=\"token attr-value\"><span class=\"token punctuation attr-equals\">=</span><span class=\"token punctuation\">\"</span>ERROR_FILE<span class=\"token punctuation\">\"</span></span> <span class=\"token punctuation\">/&gt;</span></span>\n        <span class=\"token tag\"><span class=\"token tag\"><span class=\"token punctuation\">&lt;/</span>logger</span><span class=\"token punctuation\">&gt;</span></span>\n    <span class=\"token tag\"><span class=\"token tag\"><span class=\"token punctuation\">&lt;/</span>springProfile</span><span class=\"token punctuation\">&gt;</span></span>\n\n    <span class=\"token tag\"><span class=\"token tag\"><span class=\"token punctuation\">&lt;</span>root</span> <span class=\"token attr-name\">level</span><span class=\"token attr-value\"><span class=\"token punctuation attr-equals\">=</span><span class=\"token punctuation\">\"</span>info<span class=\"token punctuation\">\"</span></span><span class=\"token punctuation\">&gt;</span></span>\n        <span class=\"token tag\"><span class=\"token tag\"><span class=\"token punctuation\">&lt;</span>appender-ref</span> <span class=\"token attr-name\">ref</span><span class=\"token attr-value\"><span class=\"token punctuation attr-equals\">=</span><span class=\"token punctuation\">\"</span>CONSOLE<span class=\"token punctuation\">\"</span></span> <span class=\"token punctuation\">/&gt;</span></span>\n<span class=\"token comment\">&lt;!--        &lt;appender-ref ref=\"INFO_FILE\" /&gt;--&gt;</span>\n<span class=\"token comment\">&lt;!--        &lt;appender-ref ref=\"WARN_FILE\" /&gt;--&gt;</span>\n<span class=\"token comment\">&lt;!--        &lt;appender-ref ref=\"ERROR_FILE\" /&gt;--&gt;</span>\n    <span class=\"token tag\"><span class=\"token tag\"><span class=\"token punctuation\">&lt;/</span>root</span><span class=\"token punctuation\">&gt;</span></span>\n\n    <span class=\"token comment\">&lt;!--生产环境:输出到文件--&gt;</span>\n    <span class=\"token tag\"><span class=\"token tag\"><span class=\"token punctuation\">&lt;</span>springProfile</span> <span class=\"token attr-name\">name</span><span class=\"token attr-value\"><span class=\"token punctuation attr-equals\">=</span><span class=\"token punctuation\">\"</span>prod<span class=\"token punctuation\">\"</span></span><span class=\"token punctuation\">&gt;</span></span>\n        <span class=\"token tag\"><span class=\"token tag\"><span class=\"token punctuation\">&lt;</span>logger</span> <span class=\"token attr-name\">name</span><span class=\"token attr-value\"><span class=\"token punctuation attr-equals\">=</span><span class=\"token punctuation\">\"</span>com.initsrc<span class=\"token punctuation\">\"</span></span> <span class=\"token attr-name\">level</span><span class=\"token attr-value\"><span class=\"token punctuation attr-equals\">=</span><span class=\"token punctuation\">\"</span>info<span class=\"token punctuation\">\"</span></span> <span class=\"token attr-name\">additivity</span><span class=\"token attr-value\"><span class=\"token punctuation attr-equals\">=</span><span class=\"token punctuation\">\"</span>false<span class=\"token punctuation\">\"</span></span><span class=\"token punctuation\">&gt;</span></span>\n            <span class=\"token tag\"><span class=\"token tag\"><span class=\"token punctuation\">&lt;</span>appender-ref</span> <span class=\"token attr-name\">ref</span><span class=\"token attr-value\"><span class=\"token punctuation attr-equals\">=</span><span class=\"token punctuation\">\"</span>CONSOLE<span class=\"token punctuation\">\"</span></span> <span class=\"token punctuation\">/&gt;</span></span>\n            <span class=\"token tag\"><span class=\"token tag\"><span class=\"token punctuation\">&lt;</span>appender-ref</span> <span class=\"token attr-name\">ref</span><span class=\"token attr-value\"><span class=\"token punctuation attr-equals\">=</span><span class=\"token punctuation\">\"</span>INFO_FILE<span class=\"token punctuation\">\"</span></span> <span class=\"token punctuation\">/&gt;</span></span>\n            <span class=\"token tag\"><span class=\"token tag\"><span class=\"token punctuation\">&lt;</span>appender-ref</span> <span class=\"token attr-name\">ref</span><span class=\"token attr-value\"><span class=\"token punctuation attr-equals\">=</span><span class=\"token punctuation\">\"</span>WARN_FILE<span class=\"token punctuation\">\"</span></span> <span class=\"token punctuation\">/&gt;</span></span>\n            <span class=\"token tag\"><span class=\"token tag\"><span class=\"token punctuation\">&lt;</span>appender-ref</span> <span class=\"token attr-name\">ref</span><span class=\"token attr-value\"><span class=\"token punctuation attr-equals\">=</span><span class=\"token punctuation\">\"</span>ERROR_FILE<span class=\"token punctuation\">\"</span></span> <span class=\"token punctuation\">/&gt;</span></span>\n        <span class=\"token tag\"><span class=\"token tag\"><span class=\"token punctuation\">&lt;/</span>logger</span><span class=\"token punctuation\">&gt;</span></span>\n    <span class=\"token tag\"><span class=\"token tag\"><span class=\"token punctuation\">&lt;/</span>springProfile</span><span class=\"token punctuation\">&gt;</span></span>\n<span class=\"token tag\"><span class=\"token tag\"><span class=\"token punctuation\">&lt;/</span>configuration</span><span class=\"token punctuation\">&gt;</span></span>\n</code></pre><ul><li>spy.properties 配置</li></ul><pre v-pre=\"\" data-lang=\"\"><code class=\"lang-\">//3.2.1以上使用\nmodulelist=com.baomidou.mybatisplus.extension.p6spy.MybatisPlusLogFactory,com.p6spy.engine.outage.P6OutageFactory\n// 自定义日志打印\n//logMessageFormat=com.baomidou.mybatisplus.extension.p6spy.P6SpyLogger\n//日志输出到控制台\nappender=com.baomidou.mybatisplus.extension.p6spy.StdoutLogger\n// 使用日志系统记录 sql\n//appender=com.p6spy.engine.spy.appender.Slf4JLogger\n// 设置 p6spy driver 代理\nderegisterdrivers=true\n// 取消JDBC URL前缀\nuseprefix=true\n// 配置记录 Log 例外,可去掉的结果集有error,info,batch,debug,statement,commit,rollback,result,resultset.\nexcludecategories=info,debug,result,commit,resultset\n// 日期格式\ndateformat=yyyy-MM-dd HH:mm:ss\n// 实际驱动可多个\n//driverlist=com.mysql.cj.jdbc.Driver\n// 是否开启慢SQL记录\noutagedetection=true\n// 慢SQL记录标准 2 秒\noutagedetectioninterval=2</code></pre><h1 id=\"二、-项目部署\"><a href=\"#/document/main?id=%e4%ba%8c%e3%80%81-%e9%a1%b9%e7%9b%ae%e9%83%a8%e7%bd%b2\" data-id=\"二、-项目部署\" class=\"anchor\"><span>二、 项目部署</span></a></h1><h2 id=\"liunx服务器环境配置\"><a href=\"#/document/main?id=liunx%e6%9c%8d%e5%8a%a1%e5%99%a8%e7%8e%af%e5%a2%83%e9%85%8d%e7%bd%ae\" data-id=\"liunx服务器环境配置\" class=\"anchor\"><span>liunx服务器环境配置</span></a></h2><ul><li>安装JDK </li></ul><ol><li>首先执行以下命令查看可安装的jdk版本：<pre v-pre=\"\" data-lang=\"\"><code class=\"lang-\">yum -y list java*</code></pre></li><li>选择自己需要的jdk版本进行安装，比如这里安装1.8，执行以下命令：<pre v-pre=\"\" data-lang=\"\"><code class=\"lang-\">yum install -y java-1.8.0-openjdk-devel.x86_64</code></pre></li><li>安装完成之后，查看安装的jdk版本，输入以下指令：<pre v-pre=\"\" data-lang=\"\"><code class=\"lang-\">java -version</code></pre></li><li>完成</li></ol><ul><li>安装MYSQL</li></ul><ol><li><p>检测是否安装过mysql并且清理</p><pre v-pre=\"\" data-lang=\"\"><code class=\"lang-\">rpm -qa | grep mysql\nrpm -e --nodeps mysql 或 rm -rf xxx</code></pre></li><li><p>下载YUM资源包并且安装</p><pre v-pre=\"\" data-lang=\"\"><code class=\"lang-\">wget https://dev.mysql.com/get/mysql80-community-release-el7-2.noarch.rpm\nyum -y install mysql80-community-release-el7-2.noarch.rpm\nyum -y install mysql-community-server</code></pre></li><li><p>初始化</p><pre v-pre=\"\" data-lang=\"\"><code class=\"lang-\">mysqld --initialize</code></pre></li><li><p>赋予权限</p><pre v-pre=\"\" data-lang=\"\"><code class=\"lang-\">chown -R mysql:mysql /var/lib/mysql/</code></pre></li><li><p>启动</p><pre v-pre=\"\" data-lang=\"\"><code class=\"lang-\">systemctl start mysqld.service //启动\nsystemctl status mysqld.service //查看mysql服务</code></pre></li><li><p>查看临时密码</p><pre v-pre=\"\" data-lang=\"\"><code class=\"lang-\">grep \"password\" /var/log/mysqld.log</code></pre></li><li><p>登录mysql</p><pre v-pre=\"\" data-lang=\"\"><code class=\"lang-\">mysql -uroot -p</code></pre></li><li><p>设置密码</p><pre v-pre=\"\" data-lang=\"\"><code class=\"lang-\">alter user \'root\'@\'localhost\' identified by \'initsrc123\';</code></pre></li><li><p>设置开机启动</p><pre v-pre=\"\" data-lang=\"\"><code class=\"lang-\">systemctl enable mysqld\nsystemctl daemon-reload</code></pre></li><li><p>创建INITSRC数据源,并导入initsrc.sql文件</p><pre v-pre=\"\" data-lang=\"\"><code class=\"lang-\">登录mysql后\ncreate database initsrc;\nsource /XXX/XX 路径</code></pre></li></ol><ul><li>安装redis</li></ul><ol><li><p>下载redis包</p><pre v-pre=\"\" data-lang=\"\"><code class=\"lang-\">wget http://download.redis.io/releases/redis-5.0.7.tar.gz</code></pre></li><li><p>解压安装包</p><pre v-pre=\"\" data-lang=\"\"><code class=\"lang-\">tar -zvxf redis-5.0.7.tar.gz</code></pre></li><li><p>移动redis目录</p><pre v-pre=\"\" data-lang=\"\"><code class=\"lang-\">mv redis-5.0.7 /usr/local/redis</code></pre></li><li><p>编译redis</p><pre v-pre=\"\" data-lang=\"\"><code class=\"lang-\">cd /usr/local/redis\nmake</code></pre></li><li><p>安装redis</p><pre v-pre=\"\" data-lang=\"\"><code class=\"lang-\">make PREFIX=/usr/local/redis install</code></pre></li><li><p>启动redis</p><pre v-pre=\"\" data-lang=\"\"><code class=\"lang-\">./bin/redis-server&amp; ./redis.conf</code></pre></li></ol><ul><li>安装NGINX</li></ul><ol><li><p>安装编译工具及库文件</p><pre v-pre=\"\" data-lang=\"\"><code class=\"lang-\">yum -y install make zlib zlib-devel gcc-c++ libtool  openssl openssl-devel\ncd /usr/local/src/\nwget http://downloads.sourceforge.net/project/pcre/pcre/8.35/pcre-8.35.tar.gz\ntar zxvf pcre-8.35.tar.gz\ncd pcre-8.35\n./configure\nmake &amp;&amp; make install\npcre-config --version</code></pre></li><li><p>下载安装包</p><pre v-pre=\"\" data-lang=\"\"><code class=\"lang-\">wget http://nginx.org/download/nginx-1.6.2.tar.gz</code></pre></li><li><p>解压安装包并移动到/usr/local/nginx</p><pre v-pre=\"\" data-lang=\"\"><code class=\"lang-\">tar zxvf nginx-1.6.2.tar.gz\nmv nginx-1.6.2 /usr/local/nginx</code></pre></li><li><p>编译安装</p><pre v-pre=\"\" data-lang=\"\"><code class=\"lang-\">./configure --prefix=/usr/local/nginx --with-http_stub_status_module --with-http_ssl_module --with-pcre=/usr/local/src/pcre-8.35\nmake\nmake install</code></pre></li><li><p>查看安装</p><pre v-pre=\"\" data-lang=\"\"><code class=\"lang-\">/usr/local/webserver/nginx/sbin/nginx -v</code></pre></li></ol><h2 id=\"windows服务器环境配置\"><a href=\"#/document/main?id=windows%e6%9c%8d%e5%8a%a1%e5%99%a8%e7%8e%af%e5%a2%83%e9%85%8d%e7%bd%ae\" data-id=\"windows服务器环境配置\" class=\"anchor\"><span>windows服务器环境配置</span></a></h2><ul><li>安装JDK</li></ul><ol><li>下载并且安装<pre v-pre=\"\" data-lang=\"\"><code class=\"lang-\">通过网址:http://www.oracle.com/technetwork/java/javase/downloads/jdk8-downloads-2133151.html进行下载对应版本的安装包，并且安装。（环境配置请自行查询配置）</code></pre></li></ol><ul><li><p>安装MYSQL</p><pre v-pre=\"\" data-lang=\"\"><code class=\"lang-\">通过网址:https://dev.mysql.com/downloads/mysql/进行下载对应版本的安装包，并且安装。（环境配置请自行查询配置）</code></pre></li><li><p>安装REDIS</p><pre v-pre=\"\" data-lang=\"\"><code class=\"lang-\">通过网址:https://github.com/MicrosoftArchive/redis/releases进行下载对应版本；\n然后解压，cmd执行 redis-server.exe redis.windows.conf</code></pre></li><li><p>安装NGINX</p><pre v-pre=\"\" data-lang=\"\"><code class=\"lang-\">通过网址:http://nginx.org/en/download.html进行下载对应版本；\n然后解压</code></pre></li></ul><h2 id=\"启动项目\"><a href=\"#/document/main?id=%e5%90%af%e5%8a%a8%e9%a1%b9%e7%9b%ae\" data-id=\"启动项目\" class=\"anchor\"><span>启动项目</span></a></h2><ul><li>下载代码<pre v-pre=\"\" data-lang=\"\"><code class=\"lang-\">项目地址：https://gitee.com/initsrc/initsrc.git</code></pre></li><li>修改application.yml<pre v-pre=\"\" data-lang=\"\"><code class=\"lang-\">搭建好服务器环境，在修改application.yml配置里进行数据库数据切换、redis数据切换</code></pre></li><li>执行package命令<pre v-pre=\"\" data-lang=\"\"><code class=\"lang-\">执行后，会在initsrc-base底下的target生成一个initsrc-base.jar包</code></pre></li></ul><ul><li><p>启动项目</p><pre v-pre=\"\" data-lang=\"\"><code class=\"lang-\">启动命令 nohup java -jar  initsrc-base.jar  &amp;</code></pre></li><li><p>nginx配置</p><pre v-pre=\"\" data-lang=\"\"><code class=\"lang-\">server\n{\n  listen 80;\n  server_name 域名;\n  index index.php index.html index.htm default.php default.htm default.html;\n  root 项目前端路径;\n  \n  location /api/ {\n       rewrite ^/api/(.*)$ /$1 break;\n      proxy_pass   http://127.0.0.1:指定端口/;\n  }\n}</code></pre></li></ul></article>', 1, 1, 3, '2021-06-02 14:32:00', '2021-06-03 16:52:22', '1', '1');

-- ----------------------------
-- Table structure for is_sys_perm
-- ----------------------------
DROP TABLE IF EXISTS `is_sys_perm`;
CREATE TABLE `is_sys_perm`  (
  `perm_id` bigint(20) NOT NULL COMMENT '菜单权限主键',
  `parent_id` bigint(20) NOT NULL COMMENT '所属菜单',
  `name` varchar(32) CHARACTER SET utf8mb4 COLLATE utf8mb4_0900_ai_ci NOT NULL COMMENT '菜单名称',
  `path` varchar(32) CHARACTER SET utf8mb4 COLLATE utf8mb4_0900_ai_ci NOT NULL COMMENT '菜单路径',
  `resource` tinyint(4) NOT NULL DEFAULT 0 COMMENT '菜单类型 （0：菜单 1：按钮 2：表格按钮）',
  `component` varchar(255) CHARACTER SET utf8mb4 COLLATE utf8mb4_0900_ai_ci NULL DEFAULT NULL COMMENT '路由组件',
  `perm` varchar(150) CHARACTER SET utf8mb4 COLLATE utf8mb4_general_ci NOT NULL COMMENT 'shiro权限',
  `icon` varchar(150) CHARACTER SET utf8mb4 COLLATE utf8mb4_0900_ai_ci NULL DEFAULT NULL COMMENT '菜单图标',
  `color` varchar(150) CHARACTER SET utf8mb4 COLLATE utf8mb4_general_ci NULL DEFAULT 'text' COMMENT '按钮颜色',
  `is_cache` tinyint(4) NULL DEFAULT NULL COMMENT '是否缓存 （0：无 1：是）',
  `sort` int(11) NULL DEFAULT 0 COMMENT '排序',
  `link_type` tinyint(4) NULL DEFAULT 0 COMMENT '链接类型 （0：正常 1：满屏 2：外链）',
  `dr` tinyint(4) NULL DEFAULT 1 COMMENT '删除标识 （0：删除 1：正常）',
  `version` int(11) NULL DEFAULT NULL COMMENT '幂等',
  `create_time` datetime(0) NULL DEFAULT NULL COMMENT '创建时间',
  `update_time` datetime(0) NULL DEFAULT NULL COMMENT '更新时间',
  `create_by` varchar(150) CHARACTER SET utf8mb4 COLLATE utf8mb4_general_ci NULL DEFAULT NULL COMMENT '创建人',
  `update_by` varchar(150) CHARACTER SET utf8mb4 COLLATE utf8mb4_general_ci NULL DEFAULT NULL COMMENT '更新人',
  PRIMARY KEY (`perm_id`) USING BTREE
) ENGINE = InnoDB CHARACTER SET = utf8mb4 COLLATE = utf8mb4_0900_ai_ci COMMENT = '权限表' ROW_FORMAT = Dynamic;

-- ----------------------------
-- Records of is_sys_perm
-- ----------------------------
INSERT INTO `is_sys_perm` VALUES (1, 0, '首页', '/', 0, 'views/home/index', '-', 'el-icon-s-home', 'text', 0, 0, 0, 1, NULL, NULL, '2021-05-29 22:12:30', NULL, '1');
INSERT INTO `is_sys_perm` VALUES (2, 0, '系统管理', '/', 0, '-', '-', 'el-icon-s-tools', 'text', 0, 3, 0, 1, NULL, NULL, '2021-05-26 17:48:00', NULL, '1');
INSERT INTO `is_sys_perm` VALUES (1395302313556168706, 1398276917466628097, '菜单管理', '/system/perm', 0, 'views/system/perm/page/index', 'p:system:perm:page', NULL, NULL, 0, 3, 0, 1, NULL, NULL, '2021-06-02 03:51:21', NULL, '1');
INSERT INTO `is_sys_perm` VALUES (1395302313556168707, 1395302313556168706, '新增', '/system/perm/add', 1, 'views/system/perm/page/indexEdit', 'p:system:perm:add', 'initsrc-icon iconshuru', 'primary', 0, 0, 0, 1, NULL, NULL, NULL, NULL, NULL);
INSERT INTO `is_sys_perm` VALUES (1395302313556168709, 1395302313556168706, '详情', '/system/perm/detail', 2, 'views/system/perm/page/indexDetail', 'p:system:perm:detail', NULL, 'text', 0, 0, 0, 1, NULL, NULL, NULL, NULL, NULL);
INSERT INTO `is_sys_perm` VALUES (1395302313556168710, 1395302313556168706, '编辑', '/system/perm/indexEdit', 2, 'views/system/perm/page/indexEdit', 'p:system:perm:edit', NULL, 'text', 0, 1, 0, 1, NULL, NULL, NULL, NULL, NULL);
INSERT INTO `is_sys_perm` VALUES (1395302313556168711, 1395302313556168706, '删除', '-', 2, '-', 'p:system:perm:del', NULL, 'text', 0, 2, 0, 1, NULL, NULL, NULL, NULL, NULL);
INSERT INTO `is_sys_perm` VALUES (1395303370629824514, 1398276917466628097, '字典管理', '/system/dict', 0, 'views/system/dict/page/index', 'p:system:dict:page', NULL, NULL, 0, 4, 0, 1, NULL, NULL, '2021-06-02 03:51:10', NULL, '1');
INSERT INTO `is_sys_perm` VALUES (1395303370629824515, 1395303370629824514, '新增', '/system/dict/add', 1, 'views/system/dict/page/indexEdit', 'p:system:dict:add', 'initsrc-icon iconshuru', 'primary', 0, 0, 0, 1, NULL, NULL, NULL, NULL, NULL);
INSERT INTO `is_sys_perm` VALUES (1395303370629824518, 1395303370629824514, '编辑', '/system/dict/indexEdit', 2, 'views/system/dict/page/indexEdit', 'p:system:dict:edit', NULL, 'text', 0, 1, 0, 1, NULL, NULL, NULL, NULL, NULL);
INSERT INTO `is_sys_perm` VALUES (1395303370629824519, 1395303370629824514, '删除', '-', 2, '-', 'p:system:dict:del', NULL, 'text', 0, 2, 0, 1, NULL, NULL, NULL, NULL, NULL);
INSERT INTO `is_sys_perm` VALUES (1395642877250093057, 1398276917466628097, '用户管理', '/system/user', 0, 'views/system/user/page/index', 'p:system:user:page', NULL, NULL, 1, 0, 0, 1, NULL, NULL, '2021-06-02 13:51:31', NULL, '1');
INSERT INTO `is_sys_perm` VALUES (1395642877250093058, 1395642877250093057, '新增', '/system/user/add', 1, 'views/system/user/page/indexEdit', 'p:system:user:add', 'initsrc-icon iconshuru', 'primary', 0, 0, 0, 1, NULL, NULL, NULL, NULL, NULL);
INSERT INTO `is_sys_perm` VALUES (1395642877250093060, 1395642877250093057, '详情', '/system/user/detail', 2, 'views/system/user/page/indexDetail', 'p:system:user:detail', NULL, 'text', 0, 0, 0, 1, NULL, NULL, NULL, NULL, NULL);
INSERT INTO `is_sys_perm` VALUES (1395642877250093061, 1395642877250093057, '编辑', '/system/user/indexEdit', 2, 'views/system/user/page/indexEdit', 'p:system:user:edit', NULL, 'text', 0, 1, 0, 1, NULL, NULL, NULL, NULL, NULL);
INSERT INTO `is_sys_perm` VALUES (1395642877250093062, 1395642877250093057, '删除', '-', 2, '-', 'p:system:user:del', NULL, 'text', 0, 2, 0, 1, NULL, NULL, NULL, NULL, NULL);
INSERT INTO `is_sys_perm` VALUES (1397436128914280449, 1398643853811761153, '代码生成', '/dev/generator', 0, 'views/dev/gen/page/index', 'p:dev:generator:page', 'el-icon-s-tools', NULL, 0, 1, 0, 1, NULL, NULL, '2021-05-30 23:08:59', NULL, '1');
INSERT INTO `is_sys_perm` VALUES (1397436128914280450, 1397436128914280449, '新增', '/dev/generator/add', 1, 'views/dev/gen/page/indexEdit', 'p:dev:generator:add', 'initsrc-icon iconshuru', 'primary', 0, 0, 0, 1, NULL, NULL, NULL, NULL, NULL);
INSERT INTO `is_sys_perm` VALUES (1397436128914280452, 1397436128914280449, '预览', '/dev/generator/detail', 2, 'views/dev/gen/page/indexDetail', 'p:dev:generator:detail', NULL, 'text', 0, 0, 0, 1, NULL, NULL, '2021-05-31 16:51:28', NULL, '1');
INSERT INTO `is_sys_perm` VALUES (1397436128914280453, 1397436128914280449, '编辑', '/dev/generator/indexEdit', 2, 'views/dev/gen/page/indexEdit', 'p:dev:generator:edit', NULL, 'text', 0, 1, 0, 1, NULL, NULL, NULL, NULL, NULL);
INSERT INTO `is_sys_perm` VALUES (1397436128914280454, 1397436128914280449, '同步', '-', 2, '-', 'p:dev:generator:sync', NULL, 'text', 0, 2, 0, 1, NULL, NULL, NULL, NULL, NULL);
INSERT INTO `is_sys_perm` VALUES (1397490489040240641, 0, '示例演示', '/', 0, '-', '-', 'el-icon-menu', 'text', 0, 10, 0, 1, 2, '2021-05-26 17:51:11', '2021-05-26 18:32:02', '1', '1');
INSERT INTO `is_sys_perm` VALUES (1397490743743545345, 1397490489040240641, '示例一', '/demo/index', 0, 'views/demo/index/page/index', '-', NULL, 'text', 0, 0, 0, 1, 0, '2021-05-26 17:52:12', NULL, '1', NULL);
INSERT INTO `is_sys_perm` VALUES (1397490881471905793, 1397490489040240641, '示例二', '/demo/index2', 0, 'views/demo/index2/page/index', '-', NULL, 'text', 0, 1, 0, 1, 0, '2021-05-26 17:52:45', NULL, '1', NULL);
INSERT INTO `is_sys_perm` VALUES (1397491000455921665, 1397490489040240641, '示例三', '/demo/index3', 0, 'views/demo/index3/page/index', '-', NULL, 'text', 0, 3, 0, 1, 1, '2021-05-26 17:53:13', '2021-05-26 17:54:18', '1', '1');
INSERT INTO `is_sys_perm` VALUES (1397491191460331521, 1397490489040240641, '满屏示例', '/demo/index4', 0, 'views/demo/index4/page/index', '-', NULL, 'text', 0, 5, 1, 1, 4, '2021-05-26 17:53:59', '2021-05-26 18:01:09', '1', '1');
INSERT INTO `is_sys_perm` VALUES (1397496504137744386, 1397436128914280449, '下载', '-', 2, '-', 'p:dev:generator:download', NULL, 'text', 0, 5, 0, 1, 1, '2021-05-26 18:15:05', '2021-05-26 18:17:54', '1', '1');
INSERT INTO `is_sys_perm` VALUES (1398169249406128130, 1398276917466628097, '角色管理', '/system/role', 0, 'views/system/role/page/index', 'p:system:role:page', NULL, NULL, 0, 2, 0, 1, NULL, NULL, '2021-06-02 03:50:54', NULL, '1');
INSERT INTO `is_sys_perm` VALUES (1398169249406128131, 1398169249406128130, '新增', '/system/role/add', 1, 'views/system/role/page/indexEdit', 'p:system:role:add', 'initsrc-icon iconshuru', 'primary', 0, 0, 0, 1, NULL, NULL, NULL, NULL, NULL);
INSERT INTO `is_sys_perm` VALUES (1398169249406128133, 1398169249406128130, '详情', '/system/role/detail', 2, 'views/system/role/page/indexDetail', 'p:system:role:detail', NULL, 'text', 0, 0, 0, 1, NULL, NULL, NULL, NULL, NULL);
INSERT INTO `is_sys_perm` VALUES (1398169249406128134, 1398169249406128130, '编辑', '/system/role/indexEdit', 2, 'views/system/role/page/indexEdit', 'p:system:role:edit', NULL, 'text', 0, 1, 0, 1, NULL, NULL, NULL, NULL, NULL);
INSERT INTO `is_sys_perm` VALUES (1398169249406128135, 1398169249406128130, '删除', '-', 2, '-', 'p:system:role:del', NULL, 'text', 0, 2, 0, 1, NULL, NULL, NULL, NULL, NULL);
INSERT INTO `is_sys_perm` VALUES (1398272024836186114, 1398276917466628097, '部门管理', '/system/dept', 0, 'views/system/dept/page/index', 'p:system:dept:page', NULL, NULL, 0, 1, 0, 1, NULL, NULL, '2021-06-02 03:50:40', NULL, '1');
INSERT INTO `is_sys_perm` VALUES (1398272024836186115, 1398272024836186114, '新增', '/system/dept/add', 1, 'views/system/dept/page/indexEdit', 'p:system:dept:add', 'initsrc-icon iconshuru', 'primary', 0, 0, 0, 1, NULL, NULL, NULL, NULL, NULL);
INSERT INTO `is_sys_perm` VALUES (1398272024836186117, 1398272024836186114, '详情', '/system/dept/detail', 2, 'views/system/dept/page/indexDetail', 'p:system:dept:detail', NULL, 'text', 0, 0, 0, 1, NULL, NULL, NULL, NULL, NULL);
INSERT INTO `is_sys_perm` VALUES (1398272024836186118, 1398272024836186114, '编辑', '/system/dept/indexEdit', 2, 'views/system/dept/page/indexEdit', 'p:system:dept:edit', NULL, 'text', 0, 1, 0, 1, NULL, NULL, NULL, NULL, NULL);
INSERT INTO `is_sys_perm` VALUES (1398272024836186119, 1398272024836186114, '删除', '-', 2, '-', 'p:system:dept:del', NULL, 'text', 0, 2, 0, 1, NULL, NULL, NULL, NULL, NULL);
INSERT INTO `is_sys_perm` VALUES (1398276917466628097, 2, '基础设置', '/', 0, '-', '-', NULL, 'text', 0, 0, 0, 1, 0, '2021-05-28 21:56:11', NULL, '1', NULL);
INSERT INTO `is_sys_perm` VALUES (1398277869623967745, 2, '日志管理', '/', 0, '-', '-', NULL, 'text', 0, 1, 0, 1, 0, '2021-05-28 21:59:58', NULL, '1', NULL);
INSERT INTO `is_sys_perm` VALUES (1398643746504687617, 0, '运维开发', '/', 0, '-', '-', 'el-icon-s-promotion', 'text', 0, 4, 0, 1, 3, '2021-05-29 22:13:49', '2021-05-31 16:21:24', '1', '1');
INSERT INTO `is_sys_perm` VALUES (1398643853811761153, 1398643746504687617, '开发工具', '/', 0, NULL, '-', NULL, 'text', 0, 0, 0, 1, 0, '2021-05-29 22:14:15', NULL, '1', NULL);
INSERT INTO `is_sys_perm` VALUES (1398643942294798338, 1398643746504687617, '系统监控', '/', 0, '-', '-', NULL, 'text', 0, 1, 0, 1, 0, '2021-05-29 22:14:36', NULL, '1', NULL);
INSERT INTO `is_sys_perm` VALUES (1398644220041609217, 1398643942294798338, '数据监控', '/dev/database', 0, 'views/dev/database/page/index', 'p:dev:database:page', NULL, 'text', 0, 0, 0, 1, 0, '2021-05-29 22:15:42', NULL, '1', NULL);
INSERT INTO `is_sys_perm` VALUES (1398647498351558658, 1398643853811761153, '系统接口', '/dev/api', 0, 'views/dev/api/page/index', 'p:dev:api:page', NULL, 'text', 0, 1, 0, 1, 0, '2021-05-29 22:28:44', NULL, '1', NULL);
INSERT INTO `is_sys_perm` VALUES (1398649141453373441, 1398643942294798338, '服务监控', '/dev/server', 0, 'views/dev/server/page/index', 'p:dev:monitor:page', NULL, 'text', 0, 0, 0, 1, 1, '2021-05-29 22:35:16', '2021-05-29 22:37:02', '1', '1');
INSERT INTO `is_sys_perm` VALUES (1398988463658369026, 1398643942294798338, '缓存监控', '/dev/cache', 0, 'views/dev/cache/page/index', 'p:dev:monitor:cache', NULL, 'text', 0, 1, 0, 1, 0, '2021-05-30 21:03:36', NULL, '1', NULL);
INSERT INTO `is_sys_perm` VALUES (1399021326642642946, 1397490489040240641, '外链示例', 'https://www.baidu.com/', 0, '-', '-', NULL, 'text', 0, 0, 2, 1, 3, '2021-05-30 23:14:11', '2021-05-30 23:22:59', '1', '1');
INSERT INTO `is_sys_perm` VALUES (1399208316113674242, 1398643853811761153, '终端控制', '/dev/xterm', 0, 'views/dev/xterm/page/index', 'p:dev:xterm:page', NULL, 'text', 0, 2, 0, 1, 0, '2021-05-31 11:37:13', NULL, '1', NULL);
INSERT INTO `is_sys_perm` VALUES (1399289237701558274, 1398277869623967745, '操作日志', '/system/log', 0, 'views/system/log/page/index', 'p:system:log:page', NULL, NULL, 0, 0, 0, 1, NULL, NULL, '2021-05-31 17:01:25', NULL, '1');
INSERT INTO `is_sys_perm` VALUES (1399289237701558277, 1399289237701558274, '详情', '/system/log/detail', 2, 'views/system/log/page/indexDetail', 'p:system:log:detail', NULL, 'text', 0, 0, 0, 1, NULL, NULL, NULL, NULL, NULL);
INSERT INTO `is_sys_perm` VALUES (1399975425349414914, 1398276917466628097, '通知公告', '/system/notice', 0, 'views/system/notice/page/index', 'p:system:notice:page', NULL, NULL, 0, 0, 0, 1, NULL, NULL, NULL, NULL, NULL);
INSERT INTO `is_sys_perm` VALUES (1399975425349414915, 1399975425349414914, '新增', '/system/notice/add', 1, 'views/system/notice/page/indexEdit', 'p:system:notice:add', 'initsrc-icon iconshuru', 'primary', 0, 0, 0, 1, NULL, NULL, NULL, NULL, NULL);
INSERT INTO `is_sys_perm` VALUES (1399975425349414916, 1399975425349414914, '批量删除', '-', 1, '-', 'p:system:notice:dels', 'initsrc-icon iconshanchu', 'danger', 0, 1, 0, 1, NULL, NULL, NULL, NULL, NULL);
INSERT INTO `is_sys_perm` VALUES (1399975425349414917, 1399975425349414914, '详情', '/system/notice/detail', 2, 'views/system/notice/page/indexDetail', 'p:system:notice:detail', NULL, 'text', 0, 0, 0, 1, NULL, NULL, NULL, NULL, NULL);
INSERT INTO `is_sys_perm` VALUES (1399975425349414918, 1399975425349414914, '编辑', '/system/notice/indexEdit', 2, 'views/system/notice/page/indexEdit', 'p:system:notice:edit', NULL, 'text', 0, 1, 0, 1, NULL, NULL, NULL, NULL, NULL);
INSERT INTO `is_sys_perm` VALUES (1399975425349414919, 1399975425349414914, '删除', '-', 2, '-', 'p:system:notice:del', NULL, 'text', 0, 2, 0, 1, NULL, NULL, NULL, NULL, NULL);

-- ----------------------------
-- Table structure for is_sys_role
-- ----------------------------
DROP TABLE IF EXISTS `is_sys_role`;
CREATE TABLE `is_sys_role`  (
  `role_id` bigint(20) NOT NULL COMMENT '角色主键',
  `role_name` varchar(150) CHARACTER SET utf8mb4 COLLATE utf8mb4_0900_ai_ci NULL DEFAULT NULL COMMENT '角色名称',
  `is_search` tinyint(4) NOT NULL DEFAULT -1 COMMENT '查询权限 （-1：无权限 0：全部数据权限  1:自定义部门数据权限 2：本部门及以下数据权限 3：本部门数据权限 ）',
  `power_depts` text CHARACTER SET utf8mb4 COLLATE utf8mb4_0900_ai_ci NULL COMMENT '自定义部门数组',
  `is_system` tinyint(4) NULL DEFAULT 0 COMMENT '是否系统角色 0：不是 1：是',
  `status` tinyint(4) NOT NULL DEFAULT 1 COMMENT '状态 （0：禁用 1：正常 ）',
  `des` varchar(255) CHARACTER SET utf8mb4 COLLATE utf8mb4_0900_ai_ci NULL DEFAULT NULL COMMENT '描述',
  `dr` tinyint(4) NULL DEFAULT 1 COMMENT '删除标识 （0：删除 1：正常）',
  `version` int(11) NULL DEFAULT NULL COMMENT '幂等',
  `create_time` datetime(0) NULL DEFAULT NULL COMMENT '创建时间',
  `update_time` datetime(0) NULL DEFAULT NULL COMMENT '更新时间',
  `create_by` varchar(150) CHARACTER SET utf8mb4 COLLATE utf8mb4_general_ci NULL DEFAULT NULL COMMENT '创建人',
  `update_by` varchar(150) CHARACTER SET utf8mb4 COLLATE utf8mb4_general_ci NULL DEFAULT NULL COMMENT '更新人',
  PRIMARY KEY (`role_id`) USING BTREE
) ENGINE = InnoDB CHARACTER SET = utf8mb4 COLLATE = utf8mb4_0900_ai_ci COMMENT = '角色表' ROW_FORMAT = Dynamic;

-- ----------------------------
-- Records of is_sys_role
-- ----------------------------
INSERT INTO `is_sys_role` VALUES (1, '初始管理员', 0, NULL, 1, 1, '初始管理员', 1, 3, NULL, '2021-05-28 15:30:13', NULL, '1');
INSERT INTO `is_sys_role` VALUES (2, '普通员工', -1, NULL, 1, 1, '普通员工', 1, 0, NULL, NULL, NULL, NULL);

-- ----------------------------
-- Table structure for is_sys_role_perm
-- ----------------------------
DROP TABLE IF EXISTS `is_sys_role_perm`;
CREATE TABLE `is_sys_role_perm`  (
  `id` bigint(20) NOT NULL COMMENT '角色权限关联主键',
  `perm_id` bigint(20) NULL DEFAULT NULL COMMENT '权限ID',
  `role_id` bigint(20) NULL DEFAULT NULL COMMENT '角色ID',
  PRIMARY KEY (`id`) USING BTREE
) ENGINE = InnoDB CHARACTER SET = utf8mb4 COLLATE = utf8mb4_0900_ai_ci COMMENT = '角色权限表' ROW_FORMAT = Dynamic;

-- ----------------------------
-- Records of is_sys_role_perm
-- ----------------------------

-- ----------------------------
-- Table structure for is_sys_user
-- ----------------------------
DROP TABLE IF EXISTS `is_sys_user`;
CREATE TABLE `is_sys_user`  (
  `user_id` bigint(20) NOT NULL COMMENT '用户主键',
  `dept_id` bigint(20) NULL DEFAULT NULL COMMENT '所属部门',
  `nick_name` varchar(32) CHARACTER SET utf8mb4 COLLATE utf8mb4_0900_ai_ci NULL DEFAULT NULL COMMENT '昵称',
  `user_name` varchar(150) CHARACTER SET utf8mb4 COLLATE utf8mb4_0900_ai_ci NOT NULL COMMENT '用户名',
  `user_pwd` varchar(255) CHARACTER SET utf8mb4 COLLATE utf8mb4_0900_ai_ci NOT NULL COMMENT '用户密码',
  `salt` varchar(10) CHARACTER SET utf8mb4 COLLATE utf8mb4_0900_ai_ci NOT NULL COMMENT '密码盐田',
  `head_img` varchar(255) CHARACTER SET utf8mb4 COLLATE utf8mb4_0900_ai_ci NULL DEFAULT NULL COMMENT '头像',
  `sex` tinyint(4) NULL DEFAULT 0 COMMENT '性别 （0：男 1：女 ）',
  `birthday` datetime(0) NULL DEFAULT NULL COMMENT '生日日期',
  `email` varchar(150) CHARACTER SET utf8mb4 COLLATE utf8mb4_0900_ai_ci NULL DEFAULT NULL COMMENT '邮箱',
  `mobile` char(11) CHARACTER SET utf8mb4 COLLATE utf8mb4_0900_ai_ci NOT NULL COMMENT '手机号',
  `status` tinyint(4) NOT NULL DEFAULT 1 COMMENT '状态 （0：禁用  1: 正常  ）',
  `login_date` datetime(0) NULL DEFAULT NULL COMMENT '登录日期',
  `login_ip` varchar(150) CHARACTER SET utf8mb4 COLLATE utf8mb4_0900_ai_ci NULL DEFAULT NULL COMMENT '登录IP',
  `remark` varchar(255) CHARACTER SET utf8mb4 COLLATE utf8mb4_0900_ai_ci NULL DEFAULT NULL COMMENT '备注',
  `dr` tinyint(4) NULL DEFAULT 1 COMMENT '删除标识 （0：删除 1：正常）',
  `version` int(11) NULL DEFAULT NULL COMMENT '幂等',
  `create_time` datetime(0) NULL DEFAULT NULL COMMENT '创建时间',
  `update_time` datetime(0) NULL DEFAULT NULL COMMENT '更新时间',
  `create_by` varchar(150) CHARACTER SET utf8mb4 COLLATE utf8mb4_general_ci NULL DEFAULT NULL COMMENT '创建人',
  `update_by` varchar(150) CHARACTER SET utf8mb4 COLLATE utf8mb4_general_ci NULL DEFAULT NULL COMMENT '更新人',
  PRIMARY KEY (`user_id`) USING BTREE
) ENGINE = InnoDB CHARACTER SET = utf8mb4 COLLATE = utf8mb4_0900_ai_ci COMMENT = '用户表' ROW_FORMAT = Dynamic;

-- ----------------------------
-- Records of is_sys_user
-- ----------------------------
INSERT INTO `is_sys_user` VALUES (1, 1, 'INITSRC', 'initsrc', '88f294e036ef2a99d9e6b719631330d4', '1221', NULL, 0, '2021-05-26 16:33:06', '502863488@qq.com', '15260295193', 1, NULL, NULL, 'sfasfaws', 1, NULL, NULL, '2021-05-28 19:01:51', NULL, '1');
INSERT INTO `is_sys_user` VALUES (1398292631032303618, 2, '大神很烦恼', 'myadmin', '254f8130d1f017b869daf87db803bc47', '5842', NULL, 1, '2021-05-28 22:58:17', '502863488@qq.com', '15298893222', 1, NULL, NULL, 'sadfasf', 1, 13, '2021-05-28 22:58:37', '2021-06-02 21:56:14', '1', '1');

-- ----------------------------
-- Table structure for is_sys_user_role
-- ----------------------------
DROP TABLE IF EXISTS `is_sys_user_role`;
CREATE TABLE `is_sys_user_role`  (
  `id` bigint(20) NOT NULL COMMENT '用户角色关联表',
  `user_id` bigint(20) NOT NULL COMMENT '用户ID',
  `role_id` bigint(20) NOT NULL COMMENT '角色ID',
  PRIMARY KEY (`id`) USING BTREE
) ENGINE = InnoDB CHARACTER SET = utf8mb4 COLLATE = utf8mb4_0900_ai_ci COMMENT = '用户角色关联表' ROW_FORMAT = Dynamic;

-- ----------------------------
-- Records of is_sys_user_role
-- ----------------------------
INSERT INTO `is_sys_user_role` VALUES (1, 1, 1);
INSERT INTO `is_sys_user_role` VALUES (2, 1398292631032303618, 2);

SET FOREIGN_KEY_CHECKS = 1;
